Player,Nationality,Position,Team,Competition,Age,Born,Matches,Starts,Minutes,90s,Yellow_Cards,Red_Cards,Passes_Completed,Passes_Attempted,Pass_Completion_%,Total_Pass_Distance,Total_Progressive_Distance,Short_Passes_Completed,Short_Passes_Attempted,Short_Pass_Completion_%,Medium_Passes_Completed,Medium_Passes_Attempted,Medium_Pass_Completion_%,Long_Passes_Completed,Long_Passes_Attempted,Long_Pass_Completion_%,Clearances,Errors,Touches,Touches_Defensive_Penalty_Area,Touches_Defensive_Third,Carries,Carries_Total_Distance,Carries_Progressive_Distance,Ball_Recoveries,Goals_Against,Goals_Against_per_90,Shots_On_Target_Against,Saves,Save_%,Clean_Sheets,Clean_Sheet_%,Penalty_Kicks_Allowed,Penalty_Kicks_Saved,Penalty_Kicks_Missed,Penalty_Kicks_Save_%,Free_Kick_Goals_Against,Corner_Kick_Goals_Against,Own_Goals_Against,Post-Shot_xG,Post-Shot_xG_per_Shot_on_Target,Post-Shot_xG_+/-,Post-Shot_xG_per_90,Launches_Completed,Launches_Attempted,Launches_Completion_%,Passes_Attempted(GK),Throws_Attempted,Launch_%,Average_Pass_Length,Goal_Kicks,Goal_Kicks_Launch_%,Average_Length_Goal_Kicks,Crosses_Faced,Crosses_Stopped,Crosses_Stopped_%,Actions_Outside_Penalty_Area,Actions_Outside_Penalty_Area_per_90,Defensive_Actions_Average_Distance
Adrián,ESP,GK,Betis,La Liga,37,1987,9,9,810,9.0,2,0,236,301,78.4,6039,4090,36,36,100.0,131,134,97.8,68,128,53.1,4,0,310,261,309,187,901,593,7,12.0,1.33,29.0,17.0,62.1,3.0,33.3,1.0,0.0,0.0,0.0,0.0,2.0,0.0,10.0,0.0,-1.0,-0.18,31.0,85.0,36.5,256.0,40.0,27.3,30.0,44.0,34.1,35.0,111.0,5.0,4.5,6.0,0.67,13.0
Julen Agirrezabala,ESP,GK,Athletic Club,La Liga,24,2000,14,14,1206,13.4,1,1,281,411,68.4,7681,5777,46,46,100.0,165,165,100.0,70,196,35.7,4,0,437,357,436,237,1238,682,21,9.0,0.67,34.0,24.0,76.5,5.0,35.7,1.0,1.0,0.0,50.0,2.0,1.0,0.0,10.0,0.0,1.0,0.11,57.0,178.0,32.0,341.0,51.0,37.5,33.0,66.0,75.8,54.0,143.0,20.0,14.0,17.0,1.27,14.0
Alisson,BRA,GK,Liverpool,Premier League,32,1992,21,21,1878,20.9,0,0,538,645,83.4,11965,7825,163,165,98.8,281,285,98.6,93,191,48.7,12,1,682,499,668,447,1803,1063,36,18.0,0.86,64.0,46.0,71.9,8.0,38.1,0.0,0.0,0.0,0.0,0.0,1.0,0.0,17.0,0.0,0.0,-0.01,52.0,138.0,37.7,589.0,86.0,20.4,26.0,54.0,33.3,30.0,198.0,7.0,3.5,39.0,1.87,15.0
Alphonse Areola,FRA,GK,West Ham,Premier League,31,1993,18,17,1540,17.1,0,0,477,683,69.8,13142,9124,96,97,99.0,227,240,94.6,152,337,45.1,9,1,720,581,714,401,1662,874,21,29.0,1.69,78.0,52.0,62.8,4.0,23.5,0.0,0.0,0.0,0.0,0.0,3.0,3.0,22.0,0.0,-3.0,-0.19,107.0,274.0,39.1,531.0,78.0,34.5,32.0,148.0,61.5,44.0,266.0,12.0,4.5,16.0,0.94,12.0
Kepa Arrizabalaga,ESP,GK,Bournemouth,Premier League,30,1994,22,22,1980,22.0,3,0,502,712,70.5,14253,10056,70,72,97.2,254,260,97.7,177,373,47.5,11,3,762,567,745,444,2197,1266,38,29.0,1.32,104.0,75.0,76.0,5.0,22.7,4.0,0.0,0.0,0.0,0.0,3.0,0.0,31.0,0.0,2.0,0.12,104.0,279.0,37.3,567.0,79.0,37.2,34.0,141.0,48.2,39.0,271.0,13.0,4.8,38.0,1.73,16.0
Noah Atubolu,GER,GK,Freiburg,Bundesliga,22,2002,23,23,2070,23.0,2,0,784,1047,74.9,21818,15637,120,121,99.2,426,433,98.4,237,489,48.5,12,4,1101,852,1092,631,3356,1694,48,31.0,1.35,106.0,73.0,70.8,10.0,43.5,0.0,2.0,0.0,100.0,1.0,3.0,0.0,32.0,0.0,1.0,0.07,140.0,367.0,38.1,935.0,102.0,31.4,32.0,110.0,66.4,50.0,341.0,30.0,8.8,25.0,1.09,12.0
Emil Audero,IDN,GK,Como,Serie A,27,1997,8,8,720,8.0,0,0,209,253,82.6,4830,3117,51,51,100.0,118,120,98.3,40,82,48.8,4,1,269,219,268,177,821,476,12,18.0,2.25,34.0,16.0,58.8,0.0,0.0,4.0,0.0,0.0,0.0,0.0,2.0,0.0,12.0,0.0,-5.0,-0.7,17.0,55.0,30.9,232.0,30.0,22.0,28.0,21.0,19.0,27.0,95.0,5.0,5.3,8.0,1.0,12.0
Brandon Austin,ENG,GK,Tottenham,Premier League,25,1999,1,1,90,1.0,0,0,22,32,68.8,526,386,7,7,100.0,9,9,100.0,6,16,37.5,1,0,36,30,36,22,104,46,1,2.0,2.0,4.0,2.0,50.0,0.0,0.0,0.0,0.0,0.0,0.0,0.0,0.0,0.0,2.0,0.0,0.0,0.2,3.0,11.0,27.3,26.0,5.0,38.5,32.0,6.0,16.7,29.0,15.0,5.0,33.3,2.0,2.0,12.0
Augusto Batalla,ARG,GK,Rayo Vallecano,La Liga,28,1996,23,23,2070,23.0,3,0,565,848,66.6,16337,11912,90,91,98.9,295,298,99.0,179,453,39.5,7,3,903,743,888,540,2556,1559,36,25.0,1.09,97.0,72.0,76.3,5.0,21.7,2.0,1.0,0.0,33.3,0.0,4.0,1.0,24.0,0.0,0.0,0.0,122.0,381.0,32.0,709.0,88.0,42.3,38.0,136.0,59.6,49.0,315.0,22.0,7.0,17.0,0.74,13.0
Oliver Baumann,GER,GK,Hoffenheim,Bundesliga,34,1990,21,21,1890,21.0,0,0,574,794,72.3,15936,11750,101,102,99.0,300,302,99.3,170,385,44.2,10,1,862,696,846,502,2246,1290,39,37.0,1.76,104.0,66.0,66.3,3.0,14.3,2.0,2.0,0.0,50.0,0.0,5.0,1.0,41.0,0.0,5.0,0.25,112.0,312.0,35.9,698.0,100.0,36.2,34.0,94.0,62.8,47.0,316.0,11.0,3.5,20.0,0.95,14.0
Dimitry Bertaud,COD,GK,Montpellier,Ligue 1,26,1998,3,3,270,3.0,0,0,63,92,68.5,1921,1513,7,7,100.0,32,32,100.0,24,52,46.2,2,0,99,83,99,47,265,138,0,8.0,2.67,16.0,8.0,56.3,0.0,0.0,1.0,0.0,0.0,0.0,0.0,0.0,0.0,6.0,0.0,-1.0,-0.56,18.0,42.0,42.9,66.0,14.0,42.4,36.0,25.0,56.0,44.0,43.0,8.0,18.6,2.0,0.67,12.0
Marco Bizot,NED,GK,Brest,Ligue 1,33,1991,25,25,2250,25.0,2,0,592,851,69.6,18856,14564,61,62,98.4,290,291,99.7,240,495,48.5,21,0,910,793,906,508,2589,1256,29,39.0,1.56,98.0,59.0,65.3,8.0,32.0,5.0,1.0,1.0,16.7,1.0,1.0,1.0,34.0,0.0,-4.0,-0.16,173.0,406.0,42.6,685.0,102.0,43.4,36.0,164.0,66.5,50.0,350.0,25.0,7.1,31.0,1.24,15.0
Jean Butez,FRA,GK,Como,Serie A,29,1995,11,11,990,11.0,0,0,358,452,79.2,9461,6642,67,68,98.5,184,186,98.9,106,195,54.4,7,1,476,387,470,327,1631,924,25,16.0,1.45,40.0,24.0,65.0,1.0,9.1,2.0,0.0,0.0,0.0,0.0,1.0,0.0,12.0,0.0,-3.0,-0.29,56.0,139.0,40.3,426.0,59.0,29.6,31.0,26.0,50.0,41.0,100.0,11.0,11.0,21.0,1.91,17.0
Marcin Bułka,POL,GK,Nice,Ligue 1,25,1999,26,26,2340,26.0,0,0,695,869,80.0,17044,11761,159,162,98.1,343,356,96.3,188,344,54.7,11,6,932,744,928,557,2636,1689,45,31.0,1.19,123.0,93.0,76.4,6.0,23.1,2.0,0.0,0.0,0.0,0.0,3.0,1.0,34.0,0.0,4.0,0.16,85.0,218.0,39.0,747.0,133.0,22.8,28.0,122.0,39.3,34.0,373.0,29.0,7.8,22.0,0.85,11.0
Elia Caprile,ITA,GK,Cagliari,Serie A,23,2001,10,10,900,10.0,0,0,262,405,64.7,8151,6444,30,30,100.0,127,130,97.7,104,244,42.6,2,1,432,356,430,229,1096,699,12,12.0,1.2,43.0,31.0,74.4,1.0,10.0,1.0,0.0,0.0,0.0,0.0,2.0,0.0,15.0,0.0,3.0,0.37,73.0,202.0,36.1,312.0,47.0,47.8,37.0,93.0,57.0,45.0,163.0,7.0,4.3,6.0,0.6,13.0
Elia Caprile,ITA,GK,Napoli,Serie A,23,2001,4,3,325,3.6,0,0,81,98,82.7,2186,1425,12,12,100.0,45,45,100.0,24,40,60.0,2,0,105,79,105,44,234,161,3,1.0,0.28,8.0,7.0,87.5,3.0,100.0,0.0,0.0,0.0,0.0,0.0,0.0,0.0,2.0,0.0,1.0,0.32,11.0,25.0,44.0,82.0,9.0,25.6,31.0,15.0,26.7,30.0,31.0,3.0,9.7,3.0,0.83,13.0
Cárdenas,ESP,GK,Rayo Vallecano,La Liga,27,1997,5,5,450,5.0,0,0,74,140,52.9,2459,1922,6,6,100.0,40,41,97.6,28,92,30.4,3,0,151,133,150,70,361,193,6,6.0,1.2,19.0,13.0,68.4,1.0,20.0,0.0,0.0,0.0,0.0,0.0,0.0,0.0,5.0,0.0,0.0,-0.08,23.0,84.0,27.4,100.0,15.0,57.0,44.0,39.0,69.2,52.0,69.0,1.0,1.4,1.0,0.2,10.0
Tiago Cardoso,LUX,GK,Gladbach,Bundesliga,18,2006,2,1,110,1.2,0,0,39,51,76.5,1052,781,11,11,100.0,16,16,100.0,12,24,50.0,0,1,52,48,52,19,99,59,2,0.0,0.0,4.0,4.0,100.0,1.0,100.0,0.0,0.0,0.0,0.0,0.0,0.0,0.0,0.0,0.0,0.0,0.27,9.0,19.0,47.4,37.0,6.0,27.0,28.0,14.0,64.3,45.0,26.0,1.0,3.8,0.0,0.0,6.0
Patrik Carlgren,SWE,GK,Nantes,Ligue 1,32,1992,3,3,270,3.0,0,0,65,93,69.9,1846,1453,13,13,100.0,26,26,100.0,25,52,48.1,0,0,98,89,98,56,333,232,3,5.0,1.67,21.0,16.0,76.2,1.0,33.3,0.0,0.0,0.0,0.0,0.0,0.0,0.0,6.0,0.0,1.0,0.35,14.0,37.0,37.8,69.0,21.0,27.5,30.0,23.0,78.3,50.0,54.0,1.0,1.9,1.0,0.33,12.0
Marco Carnesecchi,ITA,GK,Atalanta,Serie A,24,2000,26,26,2340,26.0,1,0,595,805,73.9,16436,10795,80,80,100.0,340,341,99.7,174,381,45.7,17,1,870,766,868,517,2704,1530,41,27.0,1.04,93.0,68.0,72.0,10.0,38.5,1.0,0.0,0.0,0.0,0.0,3.0,2.0,27.0,0.0,2.0,0.09,89.0,284.0,31.3,662.0,121.0,29.3,32.0,141.0,63.8,48.0,227.0,16.0,7.0,33.0,1.27,14.0
Lucas Chevalier,FRA,GK,Lille,Ligue 1,23,2001,26,26,2340,26.0,0,0,644,816,78.9,15865,11173,160,160,100.0,321,327,98.2,161,325,49.5,7,2,870,720,864,549,2797,1685,57,28.0,1.08,99.0,71.0,74.7,9.0,34.6,3.0,0.0,0.0,0.0,0.0,4.0,0.0,34.0,0.0,6.0,0.24,88.0,222.0,39.6,723.0,99.0,27.1,29.0,91.0,28.6,34.0,278.0,15.0,5.4,16.0,0.62,13.0
Leandro Chichizola,ARG,GK,Parma,Serie A,34,1990,1,1,90,1.0,0,0,36,50,72.0,854,507,6,6,100.0,23,23,100.0,7,20,35.0,2,0,54,45,53,30,156,107,0,3.0,3.0,6.0,3.0,50.0,0.0,0.0,0.0,0.0,0.0,0.0,0.0,0.0,0.0,2.0,0.0,0.0,-0.54,3.0,16.0,18.8,41.0,5.0,31.7,33.0,8.0,37.5,34.0,21.0,2.0,9.5,2.0,2.0,16.0
Jasper Cillessen,NED,GK,Las Palmas,La Liga,35,1989,26,26,2309,25.7,1,0,671,988,67.9,17593,13078,144,146,98.6,338,345,98.0,187,492,38.0,11,2,1064,853,1051,599,3068,2031,20,42.0,1.64,127.0,84.0,70.1,3.0,11.5,4.0,3.0,1.0,42.9,0.0,4.0,2.0,44.0,0.0,4.0,0.16,120.0,404.0,29.7,806.0,141.0,39.6,34.0,179.0,47.5,43.0,412.0,12.0,2.9,20.0,0.78,14.0
Diego Conde,ESP,GK,Villarreal,La Liga,26,1998,21,21,1872,20.8,2,0,486,606,80.2,11767,7703,114,115,99.1,266,272,97.8,103,215,47.9,9,2,659,569,654,382,1923,1132,27,31.0,1.49,88.0,58.0,68.2,2.0,9.5,3.0,0.0,1.0,0.0,1.0,6.0,1.0,24.0,0.0,-5.0,-0.29,60.0,159.0,37.7,509.0,105.0,23.4,28.0,96.0,41.7,37.0,309.0,18.0,5.8,14.0,0.67,11.0
Grégoire Coudert,FRA,GK,Brest,Ligue 1,25,1999,1,1,90,1.0,0,0,29,38,76.3,781,504,5,5,100.0,17,17,100.0,7,16,43.8,1,0,44,35,44,27,188,121,1,1.0,1.0,7.0,6.0,85.7,0.0,0.0,0.0,0.0,0.0,0.0,0.0,1.0,0.0,0.0,0.0,0.0,-0.07,3.0,12.0,25.0,34.0,3.0,26.5,31.0,4.0,75.0,52.0,22.0,1.0,4.5,1.0,1.0,11.0
Thibaut Courtois,BEL,GK,Real Madrid,La Liga,32,1992,24,24,2160,24.0,0,0,709,837,84.7,16122,10020,138,139,99.3,454,456,99.6,116,240,48.3,12,1,892,783,889,540,2573,1648,42,22.0,0.92,74.0,53.0,74.3,8.0,33.3,3.0,0.0,0.0,0.0,0.0,4.0,1.0,20.0,0.0,0.0,-0.01,40.0,153.0,26.1,724.0,132.0,15.9,27.0,112.0,33.9,37.0,283.0,10.0,3.5,13.0,0.54,11.0
Finn Dahmen,GER,GK,Augsburg,Bundesliga,26,1998,11,11,990,11.0,0,0,296,428,69.2,8954,6658,52,52,100.0,136,137,99.3,108,239,45.2,4,0,451,308,437,266,1420,818,19,3.0,0.27,35.0,33.0,91.4,8.0,72.7,0.0,0.0,0.0,0.0,0.0,0.0,1.0,9.0,0.0,7.0,0.7,77.0,199.0,38.7,347.0,28.0,39.2,34.0,81.0,77.8,55.0,211.0,6.0,2.8,13.0,1.18,13.0
Thomas Dähne,GER,GK,Holstein Kiel,Bundesliga,30,1994,1,1,90,1.0,0,0,37,42,88.1,979,556,2,2,100.0,29,29,100.0,6,11,54.5,0,0,46,34,44,32,82,50,0,3.0,3.0,9.0,5.0,66.7,0.0,0.0,0.0,1.0,0.0,100.0,0.0,1.0,0.0,3.0,0.0,0.0,0.53,5.0,9.0,55.6,35.0,3.0,20.0,29.0,7.0,28.6,29.0,18.0,1.0,5.6,0.0,0.0,7.0
Théo De Percin,MTQ,GK,Auxerre,Ligue 1,23,2001,2,2,180,2.0,0,0,31,58,53.4,1059,852,3,3,100.0,9,10,90.0,19,44,43.2,3,0,68,59,66,35,180,118,2,3.0,1.5,9.0,5.0,77.8,1.0,50.0,1.0,1.0,0.0,50.0,0.0,0.0,0.0,3.0,0.0,0.0,0.23,8.0,31.0,25.8,46.0,5.0,45.7,40.0,12.0,83.3,55.0,38.0,3.0,7.9,3.0,1.5,13.0
Arthur Desmas,FRA,GK,Le Havre,Ligue 1,30,1994,17,17,1530,17.0,2,0,385,496,77.6,9708,6171,79,79,100.0,210,213,98.6,95,201,47.3,9,1,535,439,530,278,1669,1037,12,36.0,2.12,91.0,54.0,62.6,3.0,17.6,2.0,1.0,0.0,33.3,1.0,3.0,0.0,37.0,0.0,1.0,0.08,54.0,149.0,36.2,383.0,68.0,29.8,31.0,112.0,31.3,29.0,263.0,12.0,4.6,7.0,0.41,11.0
Michele Di Gregorio,ITA,GK,Juventus,Serie A,27,1997,24,24,2160,24.0,0,0,562,721,77.9,14381,9893,130,131,99.2,285,290,98.3,146,299,48.8,9,0,763,632,756,483,2607,1672,24,25.0,1.04,72.0,47.0,72.2,11.0,45.8,5.0,0.0,0.0,0.0,0.0,5.0,0.0,21.0,0.0,-3.0,-0.14,79.0,218.0,36.2,613.0,87.0,27.2,30.0,108.0,47.2,40.0,321.0,21.0,6.5,20.0,0.83,12.0
Stole Dimitrievski,MKD,GK,Valencia,La Liga,31,1993,4,4,360,4.0,1,0,68,133,51.1,2105,1516,6,6,100.0,35,37,94.6,27,90,30.0,3,1,143,96,135,68,362,240,7,6.0,1.5,12.0,6.0,58.3,0.0,0.0,1.0,0.0,1.0,0.0,0.0,0.0,0.0,4.0,0.0,-1.0,-0.38,15.0,72.0,20.8,113.0,25.0,49.6,40.0,20.0,80.0,53.0,51.0,3.0,5.9,16.0,4.0,25.0
Yehvann Diouf,FRA,GK,Reims,Ligue 1,25,1999,26,26,2340,26.0,1,0,646,917,70.4,17629,12868,113,114,99.1,330,339,97.3,201,455,44.2,11,2,996,805,983,511,2501,1532,32,40.0,1.54,137.0,96.0,73.0,4.0,15.4,3.0,1.0,0.0,25.0,1.0,5.0,0.0,48.0,0.0,8.0,0.34,116.0,351.0,33.0,751.0,111.0,33.4,33.0,161.0,62.1,45.0,383.0,19.0,5.0,22.0,0.85,13.0
Marko Dmitrović,SRB,GK,Leganés,La Liga,32,1992,22,22,1980,22.0,0,0,331,741,44.7,12251,10260,41,41,100.0,123,125,98.4,167,570,29.3,20,3,806,659,798,375,2221,1215,24,36.0,1.64,104.0,69.0,71.2,7.0,31.8,6.0,0.0,1.0,0.0,0.0,5.0,1.0,36.0,0.0,1.0,0.06,137.0,532.0,25.8,529.0,71.0,65.0,47.0,208.0,90.4,66.0,423.0,30.0,7.1,35.0,1.59,14.0
Álex Domínguez,ESP,GK,Toulouse,Ligue 1,26,1998,1,0,19,0.2,0,0,8,11,72.7,255,195,2,2,100.0,2,2,100.0,3,6,50.0,0,0,11,9,11,3,22,5,0,0.0,0.0,0.0,0.0,0.0,1.0,0.0,0.0,0.0,0.0,0.0,0.0,0.0,0.0,0.0,0.0,0.0,0.0,2.0,5.0,40.0,8.0,1.0,25.0,30.0,3.0,100.0,69.0,7.0,0.0,0.0,0.0,0.0,0.0
Gianluigi Donnarumma,ITA,GK,Paris S-G,Ligue 1,25,1999,20,20,1731,19.2,2,0,479,554,86.5,10626,6048,99,99,100.0,286,290,98.6,93,164,56.7,10,0,591,498,581,309,1413,888,25,20.0,1.04,67.0,47.0,71.6,3.0,15.0,1.0,0.0,0.0,0.0,1.0,4.0,0.0,19.0,0.0,0.0,-0.03,30.0,92.0,32.6,476.0,83.0,14.1,25.0,78.0,32.1,29.0,172.0,9.0,5.2,11.0,0.57,13.0
Patrick Drewes,GER,GK,Bochum,Bundesliga,31,1993,21,21,1890,21.0,2,0,565,860,65.7,19116,15776,69,69,100.0,229,234,97.9,267,553,48.3,11,1,913,709,902,479,2471,1284,36,46.0,2.19,99.0,51.0,56.6,2.0,9.5,3.0,2.0,0.0,40.0,2.0,4.0,0.0,42.0,0.0,-3.0,-0.18,218.0,484.0,45.0,681.0,65.0,50.1,37.0,177.0,80.8,52.0,285.0,12.0,4.2,33.0,1.57,15.0
Martin Dúbravka,SVK,GK,Newcastle Utd,Premier League,35,1989,10,10,900,10.0,0,0,265,333,79.6,5932,3082,58,58,100.0,161,161,100.0,45,112,40.2,3,0,350,262,337,202,1043,643,18,12.0,1.2,41.0,29.0,70.7,5.0,50.0,0.0,0.0,0.0,0.0,0.0,1.0,0.0,12.0,0.0,0.0,0.09,18.0,80.0,22.5,273.0,54.0,15.8,25.0,59.0,62.7,45.0,127.0,10.0,7.9,11.0,1.1,15.0
Ederson,BRA,GK,Manchester City,Premier League,31,1993,19,19,1710,19.0,3,0,614,706,87.0,15021,9928,114,114,100.0,359,366,98.1,139,223,62.3,7,2,749,523,740,501,2333,1477,31,23.0,1.21,69.0,47.0,69.6,5.0,26.3,2.0,0.0,0.0,0.0,0.0,2.0,1.0,25.0,0.0,3.0,0.2,60.0,136.0,44.1,650.0,77.0,18.9,28.0,56.0,23.2,31.0,166.0,10.0,6.0,36.0,1.89,17.0
Łukasz Fabiański,POL,GK,West Ham,Premier League,39,1985,13,12,1070,11.9,2,0,304,454,67.0,8756,6129,53,53,100.0,147,148,99.3,104,252,41.3,5,1,488,382,483,258,1371,845,5,20.0,1.68,67.0,47.0,74.6,2.0,16.7,3.0,0.0,0.0,0.0,1.0,3.0,0.0,22.0,0.0,2.0,0.19,69.0,205.0,33.7,359.0,52.0,41.5,35.0,94.0,59.6,44.0,198.0,7.0,3.5,11.0,0.93,13.0
Wladimiro Falcone,ITA,GK,Lecce,Serie A,29,1995,29,29,2610,29.0,1,0,566,891,63.5,16888,13057,98,98,100.0,256,261,98.1,209,524,39.9,23,1,985,880,982,539,2852,1692,21,48.0,1.66,139.0,92.0,70.5,7.0,24.1,7.0,1.0,1.0,12.5,2.0,5.0,2.0,43.0,0.0,-3.0,-0.1,162.0,462.0,35.1,757.0,89.0,49.0,37.0,130.0,70.0,48.0,434.0,21.0,4.8,15.0,0.52,10.0
Álvaro Fernández,ESP,GK,Sevilla,La Liga,26,1998,8,7,657,7.3,2,0,185,293,63.1,4960,3505,44,44,100.0,92,93,98.9,49,155,31.6,7,0,316,242,314,168,738,326,7,12.0,1.64,29.0,17.0,65.5,3.0,42.9,2.0,0.0,0.0,0.0,0.0,1.0,0.0,8.0,0.0,-3.0,-0.49,37.0,138.0,26.8,254.0,24.0,42.1,35.0,38.0,81.6,54.0,97.0,5.0,5.2,14.0,1.92,17.0
Mark Flekken,NED,GK,Brentford,Premier League,31,1993,28,28,2465,27.4,1,0,979,1321,74.1,28062,18778,125,128,97.7,541,556,97.3,313,631,49.6,22,3,1406,1096,1367,870,4398,2486,35,43.0,1.57,161.0,120.0,73.9,4.0,14.3,1.0,0.0,0.0,0.0,0.0,2.0,2.0,43.0,0.0,2.0,0.08,176.0,474.0,37.1,1174.0,96.0,32.6,34.0,141.0,64.5,50.0,455.0,37.0,8.1,27.0,0.99,11.0
Yahia Fofana,CIV,GK,Angers,Ligue 1,24,2000,26,26,2340,26.0,4,0,545,791,68.9,15744,11182,72,72,100.0,281,287,97.9,191,428,44.6,19,2,869,773,867,435,2631,1782,32,42.0,1.62,153.0,111.0,74.5,5.0,19.2,3.0,0.0,1.0,0.0,0.0,7.0,0.0,52.0,0.0,10.0,0.39,112.0,334.0,33.5,585.0,146.0,37.8,35.0,204.0,55.4,43.0,425.0,41.0,9.6,16.0,0.62,10.0
Fraser Forster,ENG,GK,Tottenham,Premier League,36,1988,7,7,630,7.0,0,0,168,198,84.8,3349,2105,54,55,98.2,86,90,95.6,23,47,48.9,7,3,228,212,228,113,501,264,1,15.0,2.14,42.0,27.0,69.0,1.0,14.3,2.0,0.0,0.0,0.0,0.0,1.0,0.0,16.0,0.0,1.0,0.21,11.0,31.0,35.5,141.0,30.0,21.3,27.0,56.0,1.8,14.0,81.0,4.0,4.9,3.0,0.43,11.0
Gauthier Gallon,FRA,GK,Rennes,Ligue 1,31,1993,1,0,45,0.5,0,0,16,19,84.2,277,175,7,7,100.0,7,7,100.0,2,5,40.0,0,0,19,12,18,12,75,45,0,0.0,0.0,0.0,0.0,0.0,0.0,0.0,0.0,0.0,0.0,0.0,0.0,0.0,0.0,0.0,0.0,0.0,0.0,0.0,3.0,0.0,15.0,2.0,13.3,23.0,4.0,25.0,26.0,2.0,0.0,0.0,1.0,2.0,28.0
Joan García,ESP,GK,Espanyol,La Liga,23,2001,27,27,2430,27.0,2,0,608,863,70.5,17527,13569,115,117,98.3,274,278,98.6,217,463,46.9,15,4,929,787,926,528,3293,2184,26,39.0,1.44,137.0,96.0,74.5,4.0,14.8,4.0,2.0,0.0,33.3,2.0,6.0,0.0,43.0,0.0,4.0,0.16,132.0,369.0,35.8,702.0,143.0,37.6,35.0,159.0,66.0,50.0,469.0,42.0,9.0,29.0,1.07,12.0
Paulo Gazzaniga,ARG,GK,Girona,La Liga,32,1992,28,28,2475,27.5,3,0,780,970,80.4,18529,12116,188,188,100.0,426,436,97.7,165,338,48.8,10,3,1022,879,1017,641,2987,1777,39,39.0,1.42,104.0,62.0,64.4,6.0,21.4,2.0,3.0,0.0,60.0,1.0,3.0,0.0,33.0,0.0,-5.0,-0.19,63.0,222.0,28.4,841.0,104.0,21.2,29.0,124.0,35.5,36.0,309.0,26.0,8.4,26.0,0.95,13.0
David De Gea,ESP,GK,Fiorentina,Serie A,34,1990,26,26,2340,26.0,0,0,603,840,71.8,18796,14119,80,80,100.0,266,270,98.5,256,482,53.1,8,0,893,777,891,483,2357,1382,14,27.0,1.04,105.0,77.0,75.2,9.0,34.6,1.0,2.0,0.0,66.7,0.0,1.0,1.0,28.0,0.0,2.0,0.09,160.0,374.0,42.8,642.0,90.0,41.7,36.0,191.0,55.5,45.0,368.0,10.0,2.7,17.0,0.65,13.0
Pierluigi Gollini,ITA,GK,Genoa,Serie A,29,1995,7,7,630,7.0,1,0,206,250,82.4,5777,4236,34,34,100.0,108,108,100.0,64,108,59.3,2,1,269,220,268,131,705,467,5,15.0,2.14,32.0,16.0,62.5,1.0,14.3,3.0,1.0,0.0,25.0,0.0,1.0,0.0,12.0,0.0,-2.0,-0.39,33.0,75.0,44.0,198.0,21.0,24.7,30.0,52.0,50.0,44.0,92.0,2.0,2.2,2.0,0.29,9.0
Mathieu Gorgelin,FRA,GK,Le Havre,Ligue 1,34,1990,9,9,810,9.0,1,0,243,307,79.2,6462,4119,49,49,100.0,117,118,99.2,77,138,55.8,4,0,327,246,323,184,924,590,7,19.0,2.11,42.0,24.0,61.9,0.0,0.0,3.0,0.0,0.0,0.0,0.0,3.0,1.0,18.0,0.0,0.0,0.01,45.0,103.0,43.7,250.0,47.0,34.4,32.0,55.0,30.9,31.0,165.0,13.0,7.9,6.0,0.67,11.0
Kamil Grabara,POL,GK,Wolfsburg,Bundesliga,25,1999,21,21,1865,20.7,2,0,540,806,67.0,16188,10849,82,82,100.0,259,261,99.2,198,456,43.4,8,2,865,594,842,505,2213,1355,27,35.0,1.69,101.0,66.0,66.3,4.0,19.0,1.0,1.0,0.0,50.0,0.0,8.0,1.0,38.0,0.0,4.0,0.2,128.0,377.0,34.0,712.0,75.0,44.2,37.0,88.0,70.5,53.0,289.0,8.0,2.8,10.0,0.48,11.0
Dominik Greif,SVK,GK,Mallorca,La Liga,27,1997,23,23,2070,23.0,1,0,562,795,70.7,17300,13615,95,95,100.0,261,262,99.6,206,432,47.7,6,1,828,679,819,482,2333,1307,33,27.0,1.17,80.0,54.0,68.8,4.0,17.4,2.0,0.0,0.0,0.0,0.0,3.0,1.0,21.0,0.0,-4.0,-0.19,147.0,359.0,40.9,649.0,93.0,41.6,36.0,140.0,63.6,48.0,383.0,12.0,3.1,16.0,0.7,12.0
Vicente Guaita,ESP,GK,Celta Vigo,La Liga,37,1987,24,24,2160,24.0,0,0,556,681,81.6,13090,8367,119,120,99.2,296,298,99.3,128,248,51.6,17,1,730,658,726,396,2024,1238,53,32.0,1.33,90.0,58.0,65.6,6.0,25.0,1.0,0.0,0.0,0.0,0.0,5.0,0.0,27.0,0.0,-4.0,-0.2,48.0,157.0,30.6,526.0,150.0,19.8,27.0,153.0,34.6,34.0,314.0,22.0,7.0,33.0,1.38,14.0
Péter Gulácsi,HUN,GK,Rb Leipzig,Bundesliga,34,1990,25,25,2205,24.5,0,0,616,747,82.5,15251,9367,131,131,100.0,320,325,98.5,165,288,57.3,10,3,817,672,801,439,1981,1030,29,32.0,1.31,112.0,79.0,73.2,13.0,52.0,2.0,1.0,0.0,33.3,1.0,3.0,0.0,36.0,0.0,4.0,0.17,67.0,169.0,39.6,582.0,118.0,20.1,28.0,162.0,32.1,33.0,355.0,17.0,4.8,25.0,1.02,15.0
Kjetil Haug,NOR,GK,Toulouse,Ligue 1,26,1998,6,5,498,5.5,0,0,82,130,63.1,2380,1676,11,11,100.0,41,42,97.6,30,77,39.0,3,0,140,116,136,71,330,193,6,7.0,1.27,16.0,9.0,56.3,1.0,20.0,0.0,0.0,0.0,0.0,0.0,2.0,0.0,6.0,0.0,0.0,-0.06,16.0,60.0,26.7,95.0,13.0,37.9,34.0,35.0,68.6,49.0,72.0,5.0,6.9,3.0,0.54,12.0
Dean Henderson,ENG,GK,Crystal Palace,Premier League,27,1997,28,28,2520,28.0,3,0,557,904,61.6,15064,9779,136,136,100.0,271,273,99.3,146,490,29.8,18,0,978,797,975,556,3303,1508,21,33.0,1.18,109.0,77.0,70.6,9.0,32.1,1.0,1.0,0.0,50.0,0.0,2.0,2.0,34.0,0.0,3.0,0.14,112.0,440.0,25.5,689.0,86.0,47.5,38.0,214.0,52.8,43.0,409.0,20.0,4.9,32.0,1.14,14.0
Mads Hermansen,DEN,GK,Leicester City,Premier League,24,2000,22,22,1935,21.5,0,0,530,843,62.9,13572,9753,127,129,98.4,255,266,95.9,148,444,33.3,9,2,901,648,864,567,2836,1476,14,47.0,2.19,125.0,80.0,63.2,1.0,4.5,1.0,1.0,0.0,50.0,0.0,2.0,3.0,45.0,0.0,1.0,0.07,85.0,357.0,23.8,728.0,106.0,38.2,34.0,112.0,70.5,48.0,351.0,19.0,5.4,21.0,0.98,13.0
Sergio Herrera,ESP,GK,Osasuna,La Liga,31,1993,27,27,2430,27.0,4,0,648,916,70.7,21652,17379,68,69,98.6,299,304,98.4,281,539,52.1,23,1,999,798,989,521,2859,1566,24,39.0,1.44,128.0,90.0,71.9,5.0,18.5,3.0,0.0,0.0,0.0,1.0,3.0,1.0,41.0,0.0,3.0,0.11,200.0,442.0,45.2,725.0,97.0,43.0,37.0,187.0,69.5,50.0,372.0,28.0,7.5,67.0,2.48,19.0
Dinko Horkaš,CRO,GK,Las Palmas,La Liga,25,1999,3,2,211,2.3,1,0,83,97,85.6,1962,1465,21,21,100.0,44,44,100.0,18,31,58.1,2,0,103,74,100,57,228,127,7,5.0,2.13,9.0,3.0,44.4,0.0,0.0,0.0,1.0,0.0,100.0,0.0,0.0,0.0,4.0,0.0,0.0,-0.4,7.0,19.0,36.8,85.0,9.0,16.5,26.0,11.0,45.5,33.0,31.0,0.0,0.0,7.0,2.99,23.0
Timo Horn,GER,GK,Bochum,Bundesliga,31,1993,5,5,450,5.0,1,0,119,202,58.9,5051,4481,6,6,100.0,33,33,100.0,80,163,49.1,2,1,219,154,216,117,571,315,9,7.0,1.4,22.0,15.0,68.2,1.0,20.0,0.0,0.0,1.0,0.0,0.0,1.0,0.0,7.0,0.0,0.0,0.0,67.0,148.0,45.3,161.0,8.0,67.7,46.0,41.0,95.1,61.0,79.0,2.0,2.5,3.0,0.6,11.0
Lukáš Hrádecký,FIN,GK,Leverkusen,Bundesliga,35,1989,23,23,2070,23.0,0,0,546,729,74.9,14855,11385,115,115,100.0,235,241,97.5,192,365,52.6,5,1,767,618,760,446,2423,1349,49,30.0,1.3,94.0,67.0,71.3,4.0,17.4,3.0,0.0,0.0,0.0,1.0,2.0,3.0,27.0,0.0,0.0,0.02,104.0,249.0,41.8,624.0,91.0,31.1,31.0,102.0,53.9,42.0,236.0,10.0,4.2,26.0,1.13,16.0
Karl Jakob Hein,EST,GK,Valladolid,La Liga,22,2002,28,28,2520,28.0,0,0,785,1071,73.3,22809,16083,114,114,100.0,437,441,99.1,234,514,45.5,17,1,1146,966,1129,601,2986,1867,37,63.0,2.25,148.0,86.0,59.5,5.0,17.9,3.0,0.0,0.0,0.0,1.0,4.0,1.0,52.0,0.0,-9.0,-0.33,151.0,415.0,36.4,862.0,127.0,32.7,33.0,207.0,64.3,51.0,442.0,33.0,7.5,33.0,1.18,14.0
Vitezslav Jaros,CZE,GK,Liverpool,Premier League,23,2001,1,0,12,0.1,0,0,6,8,75.0,302,273,0,0,0.0,1,1,100.0,5,7,71.4,0,0,8,5,8,7,29,8,0,0.0,0.0,1.0,1.0,100.0,1.0,0.0,0.0,0.0,0.0,0.0,0.0,0.0,0.0,0.0,0.0,0.0,0.25,5.0,7.0,71.4,7.0,2.0,85.7,50.0,1.0,100.0,59.0,2.0,0.0,0.0,0.0,0.0,11.0
Karl-Johan Johnsson,SWE,GK,Strasbourg,Ligue 1,34,1990,3,3,270,3.0,0,0,107,129,82.9,2158,1272,32,32,100.0,63,65,96.9,12,32,37.5,3,0,142,122,142,98,445,248,2,6.0,2.0,22.0,16.0,77.3,0.0,0.0,1.0,0.0,0.0,0.0,0.0,0.0,0.0,6.0,0.0,0.0,0.22,6.0,22.0,27.3,122.0,21.0,15.6,23.0,7.0,42.9,39.0,48.0,2.0,4.2,3.0,1.0,11.0
Sam Johnstone,ENG,GK,Wolves,Premier League,31,1993,7,7,630,7.0,0,0,184,278,66.2,5548,4270,31,32,96.9,80,82,97.6,72,160,45.0,7,0,306,229,304,196,1221,756,9,17.0,2.43,39.0,23.0,61.5,0.0,0.0,2.0,0.0,0.0,0.0,0.0,5.0,1.0,13.0,0.0,-3.0,-0.43,52.0,129.0,40.3,252.0,28.0,45.6,36.0,25.0,56.0,43.0,104.0,8.0,7.7,11.0,1.57,13.0
Jesse Joronen,FIN,GK,Venezia,Serie A,31,1993,8,7,703,7.8,0,0,223,302,73.8,5362,3464,37,37,100.0,138,143,96.5,47,118,39.8,4,1,327,290,327,196,1068,567,11,15.0,1.92,40.0,27.0,70.0,2.0,28.6,3.0,0.0,0.0,0.0,0.0,3.0,2.0,12.0,0.0,0.0,-0.05,20.0,84.0,23.8,260.0,46.0,28.1,31.0,41.0,26.8,34.0,125.0,6.0,4.8,5.0,0.64,9.0
Luiz Lúcio Reis Júnior,BRA,GK,Villarreal,La Liga,23,2001,7,6,558,6.2,0,0,131,174,75.3,3651,2627,23,23,100.0,68,69,98.6,40,82,48.8,8,0,193,157,189,97,517,371,8,7.0,1.13,22.0,15.0,72.7,1.0,16.7,1.0,0.0,0.0,0.0,1.0,0.0,0.0,7.0,0.0,0.0,0.05,24.0,65.0,36.9,145.0,34.0,33.8,32.0,29.0,55.2,46.0,82.0,6.0,7.3,13.0,2.1,16.0
Filip Jørgensen,DEN,GK,Chelsea,Premier League,22,2002,6,6,540,6.0,0,0,158,189,83.6,2843,1649,64,64,100.0,79,81,97.5,11,40,27.5,0,3,202,174,201,145,676,423,5,9.0,1.5,28.0,19.0,71.4,1.0,16.7,1.0,0.0,0.0,0.0,0.0,1.0,0.0,9.0,0.0,0.0,0.04,7.0,33.0,21.2,171.0,19.0,18.1,24.0,18.0,11.1,17.0,53.0,2.0,3.8,2.0,0.33,13.0
Caoimhín Kelleher,IRL,GK,Liverpool,Premier League,26,1998,8,8,720,8.0,0,0,221,296,74.7,4749,2888,80,80,100.0,109,109,100.0,32,106,30.2,0,2,309,230,308,232,851,453,15,9.0,1.13,31.0,21.0,71.0,3.0,37.5,0.0,1.0,0.0,100.0,0.0,0.0,0.0,10.0,0.0,1.0,0.17,25.0,94.0,26.6,281.0,37.0,29.9,29.0,15.0,66.7,44.0,87.0,4.0,4.6,8.0,1.0,15.0
Antonín Kinský,CZE,GK,Tottenham,Premier League,21,2003,4,4,360,4.0,0,0,116,145,80.0,2699,1686,17,17,100.0,73,76,96.1,23,48,47.9,5,1,156,134,154,97,444,267,4,7.0,1.75,16.0,11.0,56.3,1.0,25.0,0.0,0.0,0.0,0.0,0.0,0.0,2.0,4.0,0.0,0.0,-0.12,12.0,33.0,36.4,126.0,16.0,23.8,29.0,19.0,15.8,22.0,75.0,3.0,4.0,4.0,1.0,10.0
Gregor Kobel,SUI,GK,Dortmund,Bundesliga,27,1997,24,24,2160,24.0,1,0,765,930,82.3,17894,12028,198,200,99.0,406,409,99.3,159,318,50.0,13,3,973,716,964,639,3049,1752,42,37.0,1.54,94.0,57.0,63.8,5.0,20.8,3.0,0.0,0.0,0.0,0.0,5.0,1.0,34.0,0.0,-1.0,-0.05,74.0,220.0,33.6,849.0,89.0,21.1,27.0,80.0,51.3,41.0,289.0,13.0,4.5,30.0,1.25,14.0
Hervé Koffi,BFA,GK,Lens,Ligue 1,28,1996,5,5,450,5.0,2,0,98,135,72.6,2631,1938,20,21,95.2,45,46,97.8,33,67,49.3,5,0,151,125,149,105,457,280,3,8.0,1.6,26.0,18.0,76.9,0.0,0.0,2.0,0.0,0.0,0.0,0.0,1.0,0.0,11.0,0.0,3.0,0.61,14.0,42.0,33.3,115.0,22.0,29.6,33.0,19.0,42.1,36.0,53.0,4.0,7.5,2.0,0.4,9.0
Philipp Köhn,SUI,GK,Monaco,Ligue 1,26,1998,11,11,990,11.0,1,0,245,319,76.8,6155,4522,44,44,100.0,133,138,96.4,68,137,49.6,7,0,340,288,340,215,1061,538,22,10.0,0.91,35.0,25.0,74.3,5.0,45.5,1.0,0.0,0.0,0.0,0.0,1.0,0.0,8.0,0.0,-1.0,-0.16,27.0,84.0,32.1,260.0,41.0,23.5,29.0,59.0,39.0,35.0,131.0,7.0,5.3,14.0,1.27,16.0
Matej Kovar,CZE,GK,Leverkusen,Bundesliga,24,2000,3,3,270,3.0,0,0,66,85,77.6,1760,1077,11,11,100.0,35,35,100.0,20,38,52.6,0,0,91,76,91,59,289,114,5,3.0,1.0,11.0,8.0,72.7,2.0,66.7,0.0,0.0,0.0,0.0,0.0,0.0,0.0,3.0,0.0,0.0,-0.01,8.0,23.0,34.8,79.0,7.0,26.6,31.0,5.0,40.0,39.0,27.0,2.0,7.4,6.0,2.0,19.0
Nediljko Labrović,CRO,GK,Augsburg,Bundesliga,25,1999,15,15,1350,15.0,0,0,354,504,70.2,10392,7820,57,57,100.0,177,181,97.8,119,262,45.4,12,1,546,451,537,306,1571,923,14,32.0,2.13,74.0,42.0,60.8,2.0,13.3,3.0,0.0,0.0,0.0,1.0,2.0,0.0,25.0,0.0,-6.0,-0.4,83.0,220.0,37.7,397.0,72.0,38.8,35.0,105.0,62.9,47.0,217.0,12.0,5.5,18.0,1.2,13.0
Alban Lafont,FRA,GK,Nantes,Ligue 1,25,1999,12,12,1080,12.0,1,0,256,367,69.8,7058,5292,41,41,100.0,147,147,100.0,68,177,38.4,8,1,408,334,401,228,1065,545,11,19.0,1.58,49.0,32.0,67.3,2.0,16.7,3.0,0.0,0.0,0.0,0.0,2.0,2.0,16.0,0.0,0.0,-0.02,40.0,143.0,28.0,309.0,56.0,34.0,34.0,57.0,66.7,51.0,200.0,16.0,8.0,6.0,0.5,10.0
Gautier Larsonneur,FRA,GK,Saint-Étienne,Ligue 1,27,1997,25,25,2250,25.0,4,0,579,893,64.8,15391,11851,106,106,100.0,315,324,97.2,158,461,34.3,19,0,993,831,986,545,2541,1599,31,57.0,2.28,160.0,103.0,71.9,3.0,12.0,12.0,2.0,0.0,14.3,0.0,4.0,2.0,54.0,0.0,0.0,-0.04,96.0,369.0,26.0,741.0,110.0,38.5,34.0,150.0,56.0,41.0,395.0,20.0,5.1,21.0,0.84,13.0
Nicola Leali,ITA,GK,Genoa,Serie A,31,1993,22,22,1980,22.0,1,0,510,711,71.7,14168,9893,99,100,99.0,253,256,98.8,158,353,44.8,11,1,759,673,746,406,2021,1211,21,22.0,1.0,81.0,60.0,76.5,8.0,36.4,3.0,1.0,0.0,25.0,0.0,4.0,2.0,25.0,0.0,5.0,0.26,110.0,287.0,38.3,551.0,83.0,38.1,33.0,158.0,48.7,40.0,313.0,19.0,6.1,10.0,0.45,10.0
Benjamin Lecomte,FRA,GK,Montpellier,Ligue 1,33,1991,22,22,1980,22.0,0,0,525,791,66.4,16321,13460,77,77,100.0,202,210,96.2,241,497,48.5,14,1,863,661,850,470,2986,1914,25,51.0,2.32,130.0,80.0,63.8,0.0,0.0,4.0,1.0,0.0,20.0,0.0,3.0,2.0,45.0,0.0,-3.0,-0.16,149.0,375.0,39.7,641.0,85.0,44.3,36.0,149.0,61.1,44.0,314.0,16.0,5.1,19.0,0.86,14.0
Bernd Leno,GER,GK,Fulham,Premier League,32,1992,29,29,2610,29.0,3,0,889,1094,81.3,21414,12457,176,177,99.4,533,539,98.9,170,366,46.4,7,4,1146,903,1138,760,2941,1664,42,38.0,1.31,116.0,80.0,69.0,5.0,17.2,2.0,0.0,0.0,0.0,0.0,4.0,2.0,33.0,0.0,-2.0,-0.09,96.0,278.0,34.5,967.0,114.0,22.1,28.0,126.0,50.8,41.0,381.0,19.0,5.0,24.0,0.83,13.0
Donovan Léon,GUF,GK,Auxerre,Ligue 1,32,1992,24,24,2160,24.0,2,0,480,847,56.7,16457,13569,60,60,100.0,194,195,99.5,224,587,38.2,20,1,918,751,913,517,2837,1678,24,36.0,1.5,121.0,87.0,73.6,6.0,25.0,4.0,0.0,0.0,0.0,0.0,6.0,2.0,39.0,0.0,5.0,0.21,166.0,516.0,32.2,692.0,119.0,56.5,43.0,153.0,81.7,58.0,389.0,22.0,5.7,38.0,1.58,15.0
Anthony Lopes,POR,GK,Nantes,Ligue 1,34,1990,11,11,990,11.0,1,0,209,354,59.0,6806,5165,24,24,100.0,84,85,98.8,101,245,41.2,5,1,383,317,378,211,1233,782,7,19.0,1.73,47.0,29.0,63.8,1.0,9.1,2.0,0.0,0.0,0.0,0.0,1.0,1.0,17.0,0.0,0.0,-0.05,62.0,187.0,33.2,294.0,35.0,45.9,38.0,60.0,86.7,52.0,203.0,9.0,4.4,6.0,0.55,10.0
Pau López,ESP,GK,Girona,La Liga,30,1994,1,0,45,0.5,0,0,18,24,75.0,545,414,2,2,100.0,12,12,100.0,4,10,40.0,1,0,26,20,26,17,62,31,1,2.0,4.0,3.0,1.0,33.3,0.0,0.0,0.0,0.0,0.0,0.0,0.0,0.0,0.0,1.0,0.0,0.0,-1.33,4.0,9.0,44.4,17.0,2.0,35.3,35.0,7.0,42.9,38.0,17.0,3.0,17.6,1.0,2.0,9.0
Joe Lumley,ENG,GK,Southampton,Premier League,29,1995,3,3,270,3.0,0,0,106,151,70.2,2342,1476,42,44,95.5,42,46,91.3,21,59,35.6,3,3,164,116,161,103,476,296,2,7.0,2.33,20.0,13.0,65.0,0.0,0.0,0.0,0.0,0.0,0.0,0.0,1.0,0.0,7.0,0.0,0.0,0.22,15.0,50.0,30.0,135.0,14.0,34.1,30.0,15.0,26.7,24.0,56.0,2.0,3.6,7.0,2.33,18.0
Andriy Lunin,UKR,GK,Real Madrid,La Liga,25,1999,4,4,360,4.0,0,0,125,147,85.0,2992,1778,31,32,96.9,61,61,100.0,32,53,60.4,2,0,151,129,151,88,307,147,9,5.0,1.25,14.0,9.0,64.3,2.0,50.0,0.0,0.0,0.0,0.0,0.0,0.0,0.0,3.0,0.0,-1.0,-0.44,13.0,31.0,41.9,119.0,19.0,20.2,27.0,28.0,25.0,30.0,43.0,2.0,4.7,9.0,2.25,14.0
Mike Maignan,FRA,GK,Milan,Serie A,29,1995,28,28,2520,28.0,1,0,993,1163,85.4,24572,16165,169,173,97.7,578,580,99.7,243,403,60.3,15,3,1224,733,1201,771,4057,2686,51,31.0,1.11,103.0,73.0,70.9,10.0,35.7,1.0,1.0,0.0,50.0,0.0,2.0,2.0,26.0,0.0,-2.0,-0.08,92.0,246.0,37.4,1008.0,128.0,18.9,27.0,151.0,36.4,38.0,339.0,21.0,6.2,53.0,1.89,19.0
Radosław Majecki,POL,GK,Monaco,Ligue 1,25,1999,15,15,1350,15.0,1,0,304,407,74.7,7178,5015,68,68,100.0,172,172,100.0,61,164,37.2,8,1,434,363,425,233,1219,725,19,22.0,1.47,65.0,43.0,69.2,3.0,20.0,2.0,0.0,0.0,0.0,1.0,1.0,0.0,21.0,0.0,0.0,-0.06,27.0,112.0,24.1,320.0,76.0,26.6,30.0,87.0,31.0,32.0,154.0,14.0,9.1,18.0,1.2,14.0
Giorgi Mamardashvili,GEO,GK,Valencia,La Liga,24,2000,24,24,2160,24.0,1,0,489,729,67.1,14316,10490,77,77,100.0,258,262,98.5,154,387,39.8,9,3,779,637,773,360,1685,887,20,40.0,1.67,94.0,55.0,60.6,5.0,20.8,3.0,1.0,0.0,25.0,0.0,2.0,2.0,33.0,0.0,-4.0,-0.18,102.0,310.0,32.9,570.0,83.0,36.5,35.0,157.0,65.0,49.0,306.0,15.0,4.9,32.0,1.33,16.0
Steve Mandanda,FRA,GK,Rennes,Ligue 1,39,1985,17,17,1485,16.5,0,0,352,498,70.7,9359,6954,67,67,100.0,178,184,96.7,106,245,43.3,6,2,522,417,518,305,1511,930,26,23.0,1.39,51.0,29.0,58.8,6.0,35.3,2.0,1.0,0.0,33.3,0.0,2.0,2.0,17.0,0.0,-4.0,-0.24,61.0,180.0,33.9,425.0,66.0,33.6,32.0,73.0,50.7,41.0,175.0,7.0,4.0,21.0,1.27,15.0
Christos Mandas,GRE,GK,Lazio,Serie A,23,2001,1,1,90,1.0,0,0,35,44,79.5,1059,628,5,5,100.0,12,12,100.0,18,27,66.7,3,0,47,39,46,37,108,70,1,0.0,0.0,2.0,2.0,100.0,1.0,100.0,0.0,0.0,0.0,0.0,0.0,0.0,0.0,0.0,0.0,0.0,0.77,8.0,17.0,47.1,37.0,2.0,35.1,35.0,7.0,57.1,39.0,14.0,1.0,7.1,4.0,4.0,17.0
Unai Marrero,ESP,GK,Real Sociedad,La Liga,23,2001,1,1,90,1.0,0,0,22,30,73.3,591,369,4,4,100.0,10,11,90.9,8,14,57.1,1,0,33,29,33,17,63,22,0,1.0,1.0,4.0,3.0,75.0,0.0,0.0,0.0,0.0,0.0,0.0,0.0,0.0,0.0,1.0,0.0,0.0,0.13,4.0,10.0,40.0,21.0,5.0,33.3,31.0,8.0,37.5,33.0,10.0,1.0,10.0,3.0,3.0,23.0
Emiliano Martínez,ARG,GK,Aston Villa,Premier League,32,1992,28,28,2430,27.0,2,0,831,1027,80.9,21380,12601,149,153,97.4,487,496,98.2,195,371,52.6,13,6,1078,804,1065,648,3274,2055,26,41.0,1.52,111.0,69.0,64.0,3.0,10.7,1.0,1.0,0.0,50.0,1.0,2.0,0.0,39.0,0.0,-1.0,-0.06,117.0,280.0,41.8,891.0,95.0,24.0,29.0,129.0,51.2,41.0,363.0,40.0,11.0,28.0,1.04,14.0
Josep Martinez,ESP,GK,Inter,Serie A,26,1998,3,3,270,3.0,0,0,107,131,81.7,2739,1743,20,20,100.0,63,64,98.4,24,47,51.1,0,0,135,118,135,98,366,226,2,3.0,1.0,10.0,7.0,70.0,1.0,33.3,0.0,0.0,0.0,0.0,0.0,0.0,0.0,3.0,0.0,0.0,0.19,15.0,34.0,44.1,120.0,11.0,25.0,30.0,11.0,36.4,30.0,43.0,3.0,7.0,1.0,0.33,13.0
Alex Mccarthy,ENG,GK,Southampton,Premier League,35,1989,5,5,450,5.0,0,0,117,156,75.0,2823,1985,41,43,95.3,45,49,91.8,30,61,49.2,1,4,173,141,173,100,452,276,4,13.0,2.6,37.0,24.0,70.3,0.0,0.0,2.0,0.0,0.0,0.0,0.0,1.0,0.0,12.0,0.0,0.0,-0.07,24.0,52.0,46.2,132.0,29.0,33.3,29.0,23.0,34.8,30.0,74.0,8.0,10.8,0.0,0.0,6.0
Alex Meret,ITA,GK,Napoli,Serie A,27,1997,26,26,2285,25.4,0,0,721,848,85.0,18128,11021,100,100,100.0,443,453,97.8,178,295,60.3,14,0,904,708,899,530,2326,1292,41,22.0,0.87,71.0,49.0,70.4,10.0,38.5,1.0,1.0,1.0,50.0,1.0,0.0,1.0,21.0,0.0,0.0,0.01,61.0,151.0,40.4,716.0,90.0,16.2,27.0,132.0,26.5,32.0,285.0,18.0,6.3,37.0,1.46,16.0
Alexander Meyer,GER,GK,Dortmund,Bundesliga,33,1991,2,2,180,2.0,0,0,54,83,65.1,1541,1064,7,7,100.0,28,29,96.6,19,47,40.4,0,0,87,64,86,51,295,130,5,4.0,2.0,11.0,7.0,63.6,0.0,0.0,0.0,0.0,0.0,0.0,0.0,0.0,0.0,4.0,0.0,0.0,0.0,8.0,33.0,24.2,76.0,3.0,35.5,34.0,7.0,85.7,63.0,24.0,1.0,4.2,2.0,1.0,14.0
Vanja Milinković-Savić,SRB,GK,Torino,Serie A,27,1997,28,28,2520,28.0,2,0,843,1263,66.7,25305,17790,123,126,97.6,428,435,98.4,291,694,41.9,16,1,1344,926,1323,866,4617,3008,44,31.0,1.11,132.0,99.0,77.3,9.0,32.1,1.0,4.0,0.0,80.0,1.0,7.0,2.0,36.0,0.0,7.0,0.27,169.0,556.0,30.4,1049.0,140.0,40.3,37.0,209.0,63.6,53.0,475.0,29.0,6.1,39.0,1.39,13.0
Lorenzo Montipò,ITA,GK,Hellas Verona,Serie A,28,1996,28,28,2520,28.0,0,0,406,848,47.9,14482,12204,54,54,100.0,155,158,98.1,197,625,31.5,15,4,930,734,916,392,2490,1456,20,57.0,2.04,140.0,84.0,60.0,6.0,21.4,1.0,0.0,1.0,0.0,0.0,6.0,1.0,42.0,0.0,-13.0,-0.49,158.0,566.0,27.9,601.0,72.0,59.1,43.0,237.0,89.0,58.0,421.0,26.0,6.2,16.0,0.57,10.0
Florian Müller,GER,GK,Freiburg,Bundesliga,27,1997,3,3,270,3.0,0,0,75,125,60.0,2117,1724,6,6,100.0,46,47,97.9,23,70,32.9,0,0,129,96,125,66,369,220,5,7.0,2.33,12.0,5.0,58.3,0.0,0.0,2.0,0.0,0.0,0.0,0.0,3.0,0.0,5.0,0.0,-1.0,-0.35,17.0,62.0,27.4,106.0,9.0,46.2,37.0,17.0,76.5,56.0,38.0,0.0,0.0,1.0,0.33,12.0
Kevin Müller,GER,GK,Heidenheim,Bundesliga,33,1991,26,26,2340,26.0,0,0,741,981,75.5,20940,13857,83,83,100.0,415,420,98.8,241,473,51.0,9,4,1050,867,1033,593,2742,1521,36,52.0,2.0,135.0,83.0,65.2,5.0,19.2,5.0,0.0,0.0,0.0,0.0,6.0,0.0,47.0,0.0,-4.0,-0.18,115.0,324.0,35.5,784.0,128.0,32.3,34.0,194.0,36.6,37.0,372.0,16.0,4.3,15.0,0.58,12.0
Marius Müller,GER,GK,Wolfsburg,Bundesliga,31,1993,6,5,475,5.3,0,0,154,218,70.6,4852,3396,19,19,100.0,65,65,100.0,70,134,52.2,0,0,231,171,228,147,695,400,7,5.0,0.95,23.0,18.0,78.3,1.0,20.0,0.0,0.0,0.0,0.0,0.0,2.0,0.0,7.0,0.0,2.0,0.49,37.0,97.0,38.1,184.0,29.0,39.1,36.0,34.0,73.5,51.0,99.0,9.0,9.1,3.0,0.57,11.0
Arijanet Muric,KVX,GK,Ipswich Town,Premier League,26,1998,18,18,1620,18.0,1,0,454,633,71.7,11705,8247,122,122,100.0,215,221,97.3,115,283,40.6,10,5,689,559,672,405,2088,1178,26,33.0,1.83,100.0,67.0,70.0,1.0,5.6,3.0,0.0,0.0,0.0,0.0,2.0,0.0,31.0,0.0,-1.0,-0.09,76.0,229.0,33.2,534.0,94.0,29.6,30.0,94.0,75.5,54.0,249.0,39.0,15.7,20.0,1.11,12.0
Juan Musso,ARG,GK,Atalanta,Serie A,30,1994,1,1,90,1.0,0,0,17,33,51.5,486,331,2,2,100.0,9,9,100.0,6,22,27.3,0,0,35,30,35,12,91,48,1,0.0,0.0,4.0,4.0,100.0,1.0,100.0,0.0,0.0,0.0,0.0,0.0,0.0,0.0,0.0,0.0,0.0,0.74,4.0,20.0,20.0,19.0,4.0,36.8,33.0,14.0,92.9,56.0,15.0,0.0,0.0,1.0,1.0,17.0
Juan Musso,ARG,GK,Atlético Madrid,La Liga,30,1994,1,1,90,1.0,0,0,23,29,79.3,443,264,5,5,100.0,16,16,100.0,2,7,28.6,0,0,30,29,30,13,50,34,0,0.0,0.0,1.0,1.0,100.0,1.0,100.0,0.0,0.0,0.0,0.0,0.0,0.0,0.0,0.0,0.0,0.0,0.08,0.0,5.0,0.0,17.0,5.0,17.6,26.0,11.0,18.2,24.0,10.0,1.0,10.0,0.0,0.0,13.0
Neto,BRA,GK,Bournemouth,Premier League,35,1989,2,2,180,2.0,0,0,40,62,64.5,1183,896,7,7,100.0,21,21,100.0,12,33,36.4,1,1,70,60,70,35,148,99,3,2.0,1.0,13.0,11.0,84.6,0.0,0.0,0.0,0.0,0.0,0.0,0.0,0.0,0.0,4.0,0.0,2.0,1.17,9.0,27.0,33.3,46.0,7.0,43.5,36.0,15.0,46.7,38.0,30.0,2.0,6.7,3.0,1.5,12.0
Manuel Neuer,GER,GK,Bayern Munich,Bundesliga,38,1986,20,20,1800,20.0,0,0,740,859,86.1,18495,12093,148,148,100.0,380,388,97.9,207,316,65.5,8,1,884,497,829,589,3063,1750,51,15.0,0.75,37.0,22.0,62.2,11.0,55.0,1.0,0.0,1.0,0.0,0.0,2.0,0.0,12.0,0.0,-2.0,-0.13,87.0,179.0,48.6,808.0,71.0,19.7,27.0,50.0,40.0,38.0,144.0,6.0,4.2,38.0,1.9,20.0
Moritz Nicolas,GER,GK,Gladbach,Bundesliga,27,1997,19,19,1639,18.2,0,0,669,794,84.3,16861,11154,135,135,100.0,365,371,98.4,169,287,58.9,8,1,838,692,835,575,2773,1548,23,25.0,1.37,92.0,69.0,78.3,4.0,21.1,5.0,0.0,0.0,0.0,0.0,1.0,2.0,29.0,0.0,6.0,0.38,95.0,199.0,47.7,734.0,88.0,23.3,28.0,60.0,46.7,39.0,319.0,18.0,5.6,14.0,0.77,12.0
Alexander Nübel,GER,GK,Stuttgart,Bundesliga,28,1996,26,26,2340,26.0,0,0,785,1021,76.9,20521,15655,194,197,98.5,356,363,98.1,233,452,51.5,12,2,1075,891,1068,640,2860,1723,53,43.0,1.65,111.0,68.0,63.1,4.0,15.4,2.0,1.0,0.0,33.3,1.0,6.0,1.0,35.0,0.0,-6.0,-0.24,136.0,332.0,41.0,923.0,106.0,31.7,31.0,92.0,42.4,38.0,326.0,11.0,3.4,37.0,1.42,16.0
Ørjan Nyland,NOR,GK,Sevilla,La Liga,34,1990,21,21,1863,20.7,2,0,446,709,62.9,11474,8602,125,126,99.2,203,209,97.1,117,369,31.7,10,3,756,639,748,429,2040,998,21,25.0,1.21,77.0,52.0,70.1,6.0,28.6,2.0,1.0,0.0,33.3,1.0,3.0,1.0,25.0,0.0,1.0,0.06,79.0,305.0,25.9,589.0,73.0,41.4,36.0,117.0,52.1,43.0,302.0,17.0,5.6,21.0,1.01,13.0
Jan Oblak,SVN,GK,Atlético Madrid,La Liga,31,1993,27,27,2430,27.0,0,0,561,720,77.9,15389,10526,97,97,100.0,283,286,99.0,178,333,53.5,10,2,759,704,758,387,1933,1196,22,22.0,0.81,85.0,65.0,77.6,12.0,44.4,3.0,0.0,0.0,0.0,0.0,2.0,2.0,17.0,0.0,-3.0,-0.11,93.0,237.0,39.2,498.0,129.0,28.3,32.0,221.0,43.4,37.0,375.0,18.0,4.8,21.0,0.78,13.0
Maduka Okoye,NGA,GK,Udinese,Serie A,25,1999,16,16,1440,16.0,1,0,444,568,78.2,11420,8157,106,107,99.1,220,221,99.5,116,234,49.6,6,1,604,493,598,384,1723,869,27,23.0,1.44,67.0,47.0,71.6,3.0,18.8,4.0,0.0,1.0,0.0,2.0,2.0,3.0,22.0,0.0,2.0,0.13,79.0,187.0,42.2,505.0,47.0,29.9,30.0,61.0,59.0,47.0,210.0,11.0,5.2,10.0,0.63,12.0
Robin Olsen,SWE,GK,Aston Villa,Premier League,34,1990,3,1,180,2.0,0,0,54,76,71.1,1466,983,10,10,100.0,31,31,100.0,13,35,37.1,2,1,83,73,82,44,226,109,2,4.0,2.0,9.0,5.0,55.6,1.0,100.0,0.0,0.0,0.0,0.0,0.0,0.0,0.0,4.0,0.0,0.0,0.1,10.0,31.0,32.3,64.0,1.0,34.4,32.0,12.0,75.0,56.0,32.0,3.0,9.4,0.0,0.0,8.0
Jonas Omlin,SUI,GK,Gladbach,Bundesliga,30,1994,7,6,528,5.9,0,1,241,310,77.7,6534,3954,25,25,100.0,138,138,100.0,77,144,53.5,1,0,322,274,322,215,811,391,14,12.0,2.05,32.0,19.0,68.8,1.0,16.7,2.0,1.0,0.0,33.3,1.0,1.0,0.0,11.0,0.0,-1.0,-0.18,40.0,100.0,40.0,276.0,17.0,29.7,31.0,32.0,56.3,43.0,85.0,1.0,1.2,7.0,1.19,17.0
André Onana,CMR,GK,Manchester Utd,Premier League,28,1996,29,29,2610,29.0,0,0,827,1139,72.6,19691,11848,196,198,99.0,457,461,99.1,170,472,36.0,11,4,1200,902,1179,851,4326,2401,28,40.0,1.38,119.0,79.0,68.9,8.0,27.6,3.0,1.0,0.0,25.0,0.0,10.0,1.0,40.0,0.0,1.0,0.05,98.0,380.0,25.8,1012.0,117.0,29.3,30.0,123.0,67.5,47.0,356.0,20.0,5.6,20.0,0.69,11.0
Stefan Ortega,GER,GK,Manchester City,Premier League,32,1992,10,10,900,10.0,1,0,312,377,82.8,7003,4768,91,93,97.8,153,157,97.5,66,123,53.7,10,1,405,308,402,261,1221,687,6,17.0,1.7,44.0,28.0,63.6,2.0,20.0,1.0,0.0,0.0,0.0,1.0,1.0,1.0,14.0,0.0,-2.0,-0.2,39.0,86.0,45.3,329.0,42.0,21.3,26.0,47.0,34.0,28.0,106.0,3.0,2.8,12.0,1.2,15.0
Jesús Owono,EQG,GK,Alavés,La Liga,23,2001,5,4,397,4.4,0,0,83,141,58.9,3375,3015,7,7,100.0,29,29,100.0,47,103,45.6,1,0,148,127,148,74,353,244,2,6.0,1.36,11.0,5.0,54.5,0.0,0.0,1.0,0.0,0.0,0.0,0.0,2.0,0.0,4.0,0.0,-1.0,-0.34,42.0,95.0,44.2,106.0,11.0,58.5,44.0,34.0,97.1,67.0,61.0,6.0,9.8,1.0,0.23,8.0
Daniele Padelli,ITA,GK,Udinese,Serie A,39,1985,1,1,90,1.0,0,0,15,20,75.0,344,255,4,4,100.0,8,8,100.0,3,8,37.5,0,0,22,17,22,10,35,19,0,0.0,0.0,3.0,3.0,100.0,1.0,100.0,0.0,0.0,0.0,0.0,0.0,0.0,0.0,0.0,0.0,0.0,0.77,3.0,7.0,42.9,18.0,2.0,33.3,30.0,2.0,50.0,32.0,11.0,1.0,9.1,0.0,0.0,15.0
Alex Padilla,ESP,GK,Athletic Club,La Liga,21,2003,5,3,321,3.6,0,0,67,121,55.4,2317,1964,9,9,100.0,25,25,100.0,33,86,38.4,2,1,134,110,131,69,383,239,4,6.0,1.68,17.0,12.0,70.6,0.0,0.0,1.0,0.0,0.0,0.0,0.0,1.0,1.0,4.0,0.0,0.0,-0.06,27.0,78.0,34.6,98.0,15.0,58.2,41.0,22.0,95.5,64.0,57.0,2.0,3.5,3.0,0.84,13.0
Alberto Paleari,ITA,GK,Torino,Serie A,32,1992,1,1,90,1.0,0,0,28,32,87.5,826,650,10,10,100.0,6,6,100.0,12,16,75.0,2,0,37,29,37,23,111,65,2,3.0,3.0,7.0,4.0,57.1,0.0,0.0,0.0,0.0,0.0,0.0,0.0,0.0,0.0,2.0,0.0,0.0,-0.77,8.0,12.0,66.7,26.0,5.0,34.6,31.0,6.0,50.0,42.0,12.0,0.0,0.0,5.0,5.0,27.0
Alex Palmer,ENG,GK,Ipswich Town,Premier League,28,1996,5,5,450,5.0,0,0,102,141,72.3,2753,1898,18,19,94.7,56,56,100.0,28,66,42.4,4,0,164,133,161,69,357,225,10,13.0,2.6,28.0,16.0,53.6,0.0,0.0,0.0,0.0,0.0,0.0,0.0,3.0,1.0,10.0,0.0,-1.0,-0.23,18.0,54.0,33.3,110.0,19.0,30.0,32.0,31.0,67.7,50.0,72.0,5.0,6.9,7.0,1.4,12.0
Rui Patrício,POR,GK,Atalanta,Serie A,36,1988,2,2,180,2.0,0,0,55,62,88.7,1307,770,10,10,100.0,38,38,100.0,7,14,50.0,3,0,68,56,68,46,222,128,5,1.0,0.5,9.0,8.0,88.9,1.0,50.0,0.0,0.0,0.0,0.0,0.0,0.0,0.0,2.0,0.0,1.0,0.92,4.0,7.0,57.1,51.0,9.0,9.8,24.0,11.0,18.2,32.0,12.0,0.0,0.0,9.0,4.5,24.0
Iñaki Peña,ESP,GK,Barcelona,La Liga,25,1999,15,14,1306,14.5,1,0,521,588,88.6,11685,6528,84,85,98.8,359,362,99.2,76,139,54.7,20,1,624,435,608,371,1656,939,63,18.0,1.24,52.0,34.0,69.2,3.0,21.4,2.0,0.0,0.0,0.0,0.0,1.0,0.0,16.0,0.0,-1.0,-0.1,21.0,75.0,28.0,511.0,74.0,11.0,25.0,77.0,24.7,31.0,135.0,3.0,2.2,89.0,6.13,23.0
Daniel Peretz,ISR,GK,Bayern Munich,Bundesliga,24,2000,3,3,270,3.0,1,0,79,103,76.7,1811,1173,14,14,100.0,49,49,100.0,16,40,40.0,2,0,106,63,97,67,338,177,10,5.0,1.67,7.0,2.0,28.6,0.0,0.0,0.0,0.0,0.0,0.0,0.0,0.0,0.0,4.0,0.0,-1.0,-0.32,5.0,25.0,20.0,96.0,5.0,25.0,29.0,7.0,14.3,29.0,17.0,0.0,0.0,8.0,2.67,21.0
Simone Perilli,ITA,GK,Hellas Verona,Serie A,29,1995,1,1,90,1.0,0,0,9,23,39.1,367,314,0,0,0.0,3,4,75.0,6,19,31.6,1,0,27,20,26,12,81,67,1,1.0,1.0,6.0,5.0,83.3,0.0,0.0,0.0,0.0,0.0,0.0,0.0,0.0,0.0,2.0,0.0,1.0,1.04,3.0,16.0,18.8,17.0,2.0,64.7,48.0,6.0,83.3,62.0,18.0,1.0,5.6,3.0,3.0,22.0
Mattia Perin,ITA,GK,Juventus,Serie A,32,1992,5,5,450,5.0,0,0,145,182,79.7,3391,1965,30,30,100.0,92,92,100.0,23,60,38.3,2,0,185,161,185,123,703,460,6,3.0,0.6,16.0,13.0,81.3,3.0,60.0,0.0,0.0,0.0,0.0,0.0,0.0,0.0,3.0,0.0,0.0,0.14,11.0,44.0,25.0,170.0,30.0,22.4,29.0,12.0,50.0,40.0,50.0,3.0,6.0,3.0,0.6,14.0
Lucas Perri,BRA,GK,Lyon,Ligue 1,27,1997,26,26,2340,26.0,1,0,630,844,74.6,15863,10735,137,137,100.0,348,356,97.8,145,346,41.9,16,1,913,750,906,547,2464,1715,27,33.0,1.27,132.0,99.0,77.3,9.0,34.6,3.0,0.0,0.0,0.0,1.0,3.0,0.0,39.0,0.0,6.0,0.23,90.0,276.0,32.6,712.0,148.0,31.3,31.0,128.0,41.4,38.0,351.0,24.0,6.8,24.0,0.92,13.0
Đorđe Petrović,SRB,GK,Strasbourg,Ligue 1,25,1999,23,23,2070,23.0,2,0,944,1167,80.9,21539,13316,249,250,99.6,525,533,98.5,170,382,44.5,17,0,1236,755,1224,855,3426,1937,41,27.0,1.17,103.0,77.0,77.7,8.0,34.8,4.0,1.0,0.0,20.0,0.0,2.0,2.0,33.0,0.0,8.0,0.36,94.0,276.0,34.1,1085.0,89.0,21.6,27.0,81.0,51.9,43.0,375.0,26.0,6.9,34.0,1.48,15.0
Luca Philipp,GER,GK,Hoffenheim,Bundesliga,24,2000,5,5,450,5.0,0,0,109,169,64.5,3198,2522,21,21,100.0,42,43,97.7,45,103,43.7,1,0,188,155,186,86,477,214,7,11.0,2.2,28.0,18.0,64.3,0.0,0.0,1.0,0.0,0.0,0.0,0.0,1.0,1.0,10.0,0.0,0.0,0.01,27.0,83.0,32.5,137.0,21.0,51.1,38.0,31.0,41.9,39.0,66.0,3.0,4.5,3.0,0.6,11.0
Jordan Pickford,ENG,GK,Everton,Premier League,30,1994,29,29,2610,29.0,6,0,797,1216,65.5,25836,19611,116,117,99.1,325,331,98.2,355,758,46.8,27,1,1302,846,1239,721,4333,2524,28,36.0,1.24,119.0,81.0,69.7,9.0,31.0,0.0,2.0,0.0,100.0,1.0,6.0,0.0,37.0,0.0,1.0,0.04,245.0,631.0,38.8,1018.0,129.0,50.5,40.0,189.0,61.9,48.0,426.0,23.0,5.4,53.0,1.83,16.0
Semuel Pizzignacco,ITA,GK,Monza,Serie A,23,2001,5,4,384,4.3,0,0,108,142,76.1,3051,2195,20,20,100.0,47,48,97.9,39,72,54.2,3,0,150,128,146,82,316,198,3,7.0,1.64,18.0,11.0,61.1,1.0,25.0,0.0,0.0,0.0,0.0,0.0,0.0,0.0,6.0,0.0,0.0,-0.21,26.0,54.0,48.1,114.0,12.0,36.8,32.0,28.0,42.9,39.0,60.0,0.0,0.0,4.0,0.94,16.0
Nick Pope,ENG,GK,Newcastle Utd,Premier League,32,1992,18,18,1620,18.0,2,0,368,521,70.6,9244,5845,88,89,98.9,183,187,97.9,95,242,39.3,20,5,577,465,569,305,1661,1084,12,26.0,1.44,83.0,58.0,68.7,4.0,22.2,0.0,0.0,0.0,0.0,0.0,3.0,1.0,24.0,0.0,0.0,-0.01,47.0,183.0,25.7,386.0,118.0,28.0,31.0,135.0,55.6,43.0,251.0,25.0,10.0,36.0,2.0,14.0
Ivan Provedel,ITA,GK,Lazio,Serie A,30,1994,28,28,2520,28.0,0,0,832,1076,77.3,23444,16051,121,121,100.0,410,414,99.0,300,536,56.0,11,3,1123,831,1092,716,3604,2254,44,41.0,1.46,90.0,51.0,58.9,5.0,17.9,4.0,0.0,0.0,0.0,0.0,3.0,2.0,31.0,0.0,-8.0,-0.28,135.0,354.0,38.1,968.0,93.0,30.2,33.0,105.0,59.0,46.0,354.0,28.0,7.9,30.0,1.07,14.0
Ionuț Radu,ROU,GK,Venezia,Serie A,27,1997,6,6,540,6.0,1,0,121,231,52.4,3141,2346,17,17,100.0,76,81,93.8,28,132,21.2,1,0,251,219,251,181,860,533,5,4.0,0.67,29.0,25.0,89.7,3.0,50.0,1.0,0.0,0.0,0.0,0.0,0.0,0.0,8.0,0.0,4.0,0.8,17.0,113.0,15.0,211.0,21.0,47.4,40.0,19.0,68.4,51.0,89.0,7.0,7.9,0.0,0.0,8.0
Hákon Rafn Valdimarsson,ISL,GK,Brentford,Premier League,23,2001,2,1,145,1.6,0,0,46,70,65.7,1445,1110,8,8,100.0,21,21,100.0,17,41,41.5,2,0,72,60,71,44,191,80,1,2.0,1.24,4.0,3.0,50.0,1.0,100.0,0.0,0.0,0.0,0.0,0.0,0.0,1.0,0.0,0.0,0.0,-0.26,15.0,38.0,39.5,54.0,7.0,42.6,34.0,16.0,93.8,59.0,16.0,2.0,12.5,0.0,0.0,4.0
Aaron Ramsdale,ENG,GK,Southampton,Premier League,26,1998,21,21,1890,21.0,2,0,573,884,64.8,15832,12333,158,158,100.0,224,234,95.7,185,481,38.5,8,2,948,692,937,597,3014,1764,15,50.0,2.38,139.0,89.0,66.9,2.0,9.5,4.0,0.0,0.0,0.0,0.0,9.0,0.0,46.0,0.0,-3.0,-0.18,134.0,413.0,32.4,759.0,93.0,42.6,35.0,120.0,75.0,54.0,268.0,17.0,6.3,15.0,0.71,12.0
Federico Ravaglia,ITA,GK,Bologna,Serie A,25,1999,8,8,720,8.0,0,0,251,312,80.4,6064,3960,49,49,100.0,148,148,100.0,52,113,46.0,3,0,320,234,313,217,1144,623,10,9.0,1.13,17.0,8.0,52.9,3.0,37.5,1.0,0.0,0.0,0.0,0.0,1.0,0.0,7.0,0.0,-2.0,-0.25,29.0,82.0,35.4,283.0,39.0,24.7,29.0,29.0,41.4,37.0,70.0,11.0,15.7,5.0,0.63,11.0
David Raya,ESP,GK,Arsenal,Premier League,29,1995,29,29,2610,29.0,2,0,781,1060,73.7,18971,13142,213,215,99.1,400,406,98.5,167,435,38.4,16,4,1106,661,1035,690,3456,2046,27,24.0,0.83,95.0,71.0,76.8,11.0,37.9,2.0,0.0,0.0,0.0,2.0,4.0,0.0,25.0,0.0,1.0,0.04,120.0,368.0,32.6,946.0,128.0,30.9,30.0,111.0,68.5,49.0,307.0,40.0,13.0,49.0,1.69,16.0
Pepe Reina,ESP,GK,Como,Serie A,42,1982,10,10,900,10.0,0,0,234,311,75.2,6015,4357,55,55,100.0,112,115,97.4,67,141,47.5,3,1,326,262,325,213,1202,642,11,12.0,1.2,35.0,23.0,68.6,2.0,20.0,1.0,0.0,0.0,0.0,0.0,3.0,0.0,9.0,0.0,-2.0,-0.23,39.0,103.0,37.9,285.0,35.0,33.7,32.0,26.0,26.9,29.0,131.0,2.0,1.5,5.0,0.5,12.0
Álex Remiro,ESP,GK,Real Sociedad,La Liga,29,1995,27,27,2430,27.0,0,0,697,958,72.8,20331,14552,99,99,100.0,353,360,98.1,245,494,49.6,12,4,1012,840,1004,558,2709,1420,46,29.0,1.07,96.0,66.0,75.0,12.0,44.4,5.0,1.0,0.0,16.7,0.0,4.0,0.0,26.0,0.0,-2.0,-0.1,147.0,378.0,38.9,775.0,80.0,33.0,33.0,180.0,67.8,51.0,334.0,21.0,6.3,26.0,0.96,13.0
Guillaume Restes,FRA,GK,Toulouse,Ligue 1,19,2005,21,21,1823,20.3,0,0,439,590,74.4,10161,6953,121,122,99.2,226,228,99.1,88,236,37.3,13,1,635,475,630,378,1799,1008,38,22.0,1.09,61.0,40.0,65.6,7.0,33.3,1.0,1.0,0.0,50.0,0.0,2.0,2.0,18.0,0.0,-1.0,-0.07,53.0,195.0,27.2,495.0,58.0,28.7,29.0,95.0,55.8,42.0,251.0,4.0,1.6,23.0,1.14,16.0
Adrian Rodriguez,ESP,GK,Alavés,La Liga,24,2000,2,1,122,1.4,1,0,19,50,38.0,1160,1084,1,1,100.0,0,0,0.0,18,48,37.5,3,1,58,45,55,19,135,61,0,2.0,1.48,6.0,4.0,83.3,1.0,100.0,1.0,0.0,0.0,0.0,0.0,0.0,0.0,1.0,0.0,0.0,-0.36,18.0,48.0,37.5,26.0,0.0,92.3,56.0,24.0,100.0,67.0,33.0,0.0,0.0,0.0,0.0,9.0
Leo Román,ESP,GK,Mallorca,La Liga,24,2000,5,5,450,5.0,0,0,104,170,61.2,3579,2854,5,5,100.0,50,52,96.2,49,113,43.4,0,0,184,149,183,88,514,293,5,7.0,1.4,25.0,18.0,76.0,2.0,40.0,1.0,0.0,0.0,0.0,0.0,0.0,0.0,8.0,0.0,1.0,0.3,33.0,91.0,36.3,140.0,12.0,52.1,41.0,30.0,60.0,50.0,75.0,4.0,5.3,2.0,0.4,12.0
Gerónimo Rulli,ARG,GK,Marseille,Ligue 1,32,1992,26,26,2340,26.0,1,0,808,936,86.3,17333,11308,242,244,99.2,412,417,98.8,143,263,54.4,21,2,1015,788,1005,603,2489,1273,26,33.0,1.27,105.0,71.0,70.5,5.0,19.2,2.0,3.0,0.0,60.0,1.0,3.0,2.0,35.0,0.0,4.0,0.17,67.0,166.0,40.4,849.0,100.0,15.3,24.0,86.0,41.9,35.0,249.0,21.0,8.4,46.0,1.77,17.0
Mathew Ryan,AUS,GK,Lens,Ligue 1,32,1992,6,6,540,6.0,0,0,124,181,68.5,3208,2125,31,31,100.0,51,51,100.0,40,97,41.2,1,0,193,155,190,120,635,351,4,7.0,1.17,25.0,18.0,80.0,4.0,66.7,2.0,0.0,0.0,0.0,0.0,0.0,0.0,8.0,0.0,1.0,0.26,18.0,68.0,26.5,155.0,30.0,32.9,32.0,26.0,65.4,43.0,88.0,11.0,12.5,6.0,1.0,13.0
Frederik Rønnow,DEN,GK,Union Berlin,Bundesliga,32,1992,21,21,1890,21.0,2,0,481,680,70.7,13962,10084,79,80,98.8,244,247,98.8,156,346,45.1,11,2,734,556,722,447,2535,1557,24,26.0,1.24,81.0,53.0,69.1,6.0,28.6,1.0,3.0,0.0,75.0,1.0,1.0,1.0,30.0,0.0,5.0,0.25,103.0,276.0,37.3,572.0,109.0,34.6,33.0,103.0,75.7,54.0,328.0,29.0,8.8,19.0,0.9,12.0
José Sá,POR,GK,Wolves,Premier League,31,1993,22,22,1980,22.0,1,0,446,703,63.4,11598,8002,92,93,98.9,246,254,96.9,107,353,30.3,13,1,756,603,749,464,2858,1826,27,41.0,1.86,97.0,57.0,61.9,5.0,22.7,4.0,1.0,0.0,20.0,1.0,5.0,2.0,35.0,0.0,-3.0,-0.17,69.0,292.0,23.6,582.0,89.0,39.3,35.0,120.0,52.5,40.0,349.0,26.0,7.4,36.0,1.64,15.0
Matvei Safonov,RUS,GK,Paris S-G,Ligue 1,25,1999,7,6,609,6.8,0,0,184,231,79.7,4448,2821,36,36,100.0,105,105,100.0,42,87,48.3,3,0,244,203,238,151,726,425,13,5.0,0.74,20.0,15.0,85.0,3.0,50.0,2.0,0.0,0.0,0.0,0.0,1.0,0.0,5.0,0.0,0.0,0.07,23.0,59.0,39.0,199.0,37.0,25.6,28.0,31.0,25.8,29.0,65.0,5.0,7.7,12.0,1.77,18.0
Brice Samba,FRA,GK,Rennes,Ligue 1,30,1994,9,9,810,9.0,3,0,268,368,72.8,7035,4578,51,52,98.1,135,142,95.1,82,173,47.4,9,2,396,299,388,213,1046,498,12,14.0,1.56,50.0,35.0,72.0,3.0,33.3,0.0,1.0,0.0,100.0,0.0,3.0,0.0,15.0,0.0,1.0,0.19,38.0,118.0,32.2,308.0,33.0,28.9,31.0,59.0,49.2,37.0,119.0,6.0,5.0,6.0,0.67,12.0
Brice Samba,FRA,GK,Lens,Ligue 1,30,1994,15,15,1350,15.0,1,0,415,512,81.1,11184,7765,89,90,98.9,185,188,98.4,138,229,60.3,6,2,549,405,540,323,1637,946,22,14.0,0.93,54.0,40.0,81.5,7.0,46.7,4.0,0.0,0.0,0.0,2.0,3.0,0.0,17.0,0.0,3.0,0.23,82.0,163.0,50.3,435.0,61.0,29.7,30.0,76.0,44.7,36.0,152.0,17.0,11.2,22.0,1.47,16.0
Robert Sánchez,ESP,GK,Chelsea,Premier League,27,1997,23,23,2070,23.0,5,0,667,912,73.1,15767,10400,167,168,99.4,349,363,96.1,148,371,39.9,17,8,970,712,960,653,3064,1948,34,28.0,1.22,104.0,75.0,76.9,5.0,21.7,4.0,1.0,0.0,20.0,0.0,3.0,0.0,28.0,0.0,0.0,0.02,68.0,275.0,24.7,853.0,138.0,29.8,31.0,54.0,38.9,34.0,240.0,30.0,12.5,46.0,2.0,15.0
Kauã Santos,BRA,GK,Eint Frankfurt,Bundesliga,21,2003,6,5,495,5.5,0,0,136,189,72.0,3227,2353,40,41,97.6,61,61,100.0,34,85,40.0,4,2,210,174,209,125,571,369,15,10.0,1.82,37.0,28.0,75.7,1.0,20.0,1.0,0.0,0.0,0.0,0.0,3.0,1.0,11.0,0.0,2.0,0.48,20.0,64.0,31.3,167.0,25.0,31.7,31.0,21.0,52.4,41.0,95.0,9.0,9.5,13.0,2.36,14.0
Razvan Sava,ROU,GK,Udinese,Serie A,22,2002,12,12,1080,12.0,1,0,277,395,70.1,7197,4630,63,63,100.0,151,153,98.7,61,173,35.3,6,2,423,345,423,262,1182,698,13,16.0,1.33,51.0,37.0,74.5,4.0,33.3,3.0,0.0,0.0,0.0,1.0,4.0,2.0,14.0,0.0,0.0,0.04,44.0,148.0,29.7,337.0,26.0,33.2,32.0,55.0,65.5,47.0,202.0,4.0,2.0,13.0,1.08,14.0
Alexander Schwolow,GER,GK,Union Berlin,Bundesliga,32,1992,5,5,450,5.0,0,0,122,160,76.3,3207,2364,34,34,100.0,56,57,98.2,32,68,47.1,1,0,168,135,168,113,511,269,9,12.0,2.4,24.0,12.0,54.2,0.0,0.0,1.0,0.0,0.0,0.0,0.0,0.0,0.0,8.0,0.0,-3.0,-0.75,25.0,53.0,47.2,133.0,23.0,29.3,29.0,26.0,53.8,42.0,68.0,0.0,0.0,4.0,0.8,15.0
Simone Scuffet,ITA,GK,Cagliari,Serie A,28,1996,13,13,1170,13.0,0,0,286,407,70.3,8534,6695,48,49,98.0,125,126,99.2,113,229,49.3,8,2,442,382,438,201,1040,641,17,23.0,1.77,56.0,33.0,67.9,1.0,7.7,5.0,0.0,0.0,0.0,0.0,6.0,0.0,20.0,0.0,-2.0,-0.2,71.0,181.0,39.2,305.0,50.0,42.0,35.0,99.0,53.5,42.0,189.0,6.0,3.2,7.0,0.54,11.0
Jacopo Seghetti,ITA,GK,Empoli,Serie A,19,2005,1,1,90,1.0,0,0,14,22,63.6,384,277,1,1,100.0,9,10,90.0,4,10,40.0,0,0,24,17,24,12,53,44,0,3.0,3.0,6.0,3.0,50.0,0.0,0.0,0.0,0.0,0.0,0.0,0.0,0.0,0.0,1.0,0.0,-1.0,-1.12,3.0,9.0,33.3,16.0,5.0,37.5,33.0,5.0,60.0,39.0,4.0,0.0,0.0,1.0,1.0,26.0
Matz Sels,BEL,GK,Nott'Ham Forest,Premier League,32,1992,29,29,2610,29.0,2,0,389,763,51.0,15099,13120,58,58,100.0,110,113,97.3,221,583,37.9,18,1,841,634,827,423,2419,1254,9,35.0,1.21,123.0,88.0,73.2,12.0,41.4,2.0,0.0,0.0,0.0,1.0,4.0,0.0,36.0,0.0,1.0,0.05,199.0,554.0,35.9,551.0,63.0,71.0,45.0,203.0,80.3,55.0,521.0,17.0,3.3,6.0,0.21,7.0
Alen Sherri,ALB,GK,Cagliari,Serie A,27,1997,6,6,540,6.0,0,0,149,198,75.3,3658,2598,38,38,100.0,73,74,98.6,37,85,43.5,1,0,212,182,210,124,566,283,14,9.0,1.5,25.0,16.0,64.0,1.0,16.7,0.0,0.0,0.0,0.0,0.0,0.0,0.0,8.0,0.0,0.0,-0.07,25.0,67.0,37.3,150.0,20.0,32.7,30.0,48.0,37.5,34.0,64.0,4.0,6.3,5.0,0.83,12.0
Rui Silva,POR,GK,Betis,La Liga,30,1994,15,15,1350,15.0,1,0,412,524,78.6,10283,6196,66,66,100.0,250,250,100.0,93,203,45.8,7,0,553,412,552,334,1482,710,25,18.0,1.2,54.0,37.0,72.2,4.0,26.7,3.0,0.0,0.0,0.0,0.0,3.0,1.0,18.0,0.0,1.0,0.1,45.0,144.0,31.3,446.0,70.0,26.0,30.0,76.0,36.8,35.0,194.0,10.0,5.2,31.0,2.07,18.0
Marco Silvestri,ITA,GK,Empoli,Serie A,33,1991,5,5,450,5.0,0,0,94,148,63.5,3026,2507,19,19,100.0,33,34,97.1,42,95,44.2,3,1,162,130,162,103,565,359,6,11.0,2.2,27.0,17.0,59.3,0.0,0.0,0.0,0.0,0.0,0.0,0.0,3.0,1.0,8.0,0.0,-2.0,-0.41,35.0,85.0,41.2,135.0,16.0,60.7,41.0,13.0,23.1,25.0,62.0,1.0,1.6,4.0,0.8,12.0
Unai Simón,ESP,GK,Athletic Club,La Liga,27,1997,11,11,990,11.0,0,0,227,320,70.9,6366,5101,32,32,100.0,129,131,98.5,66,156,42.3,7,3,342,247,339,191,925,559,18,9.0,0.82,33.0,24.0,72.7,3.0,27.3,0.0,0.0,0.0,0.0,0.0,1.0,0.0,9.0,0.0,0.0,0.02,45.0,127.0,35.4,261.0,47.0,31.0,31.0,58.0,79.3,58.0,125.0,7.0,5.6,17.0,1.55,16.0
Tobias Sippel,GER,GK,Gladbach,Bundesliga,36,1988,1,0,59,0.7,0,0,20,34,58.8,827,694,1,1,100.0,8,8,100.0,11,25,44.0,0,0,34,27,34,16,111,64,0,3.0,4.58,4.0,1.0,25.0,0.0,0.0,0.0,0.0,0.0,0.0,0.0,1.0,0.0,1.0,0.0,-1.0,-2.72,9.0,22.0,40.9,22.0,2.0,45.5,39.0,12.0,100.0,69.0,13.0,0.0,0.0,0.0,0.0,2.0
Antonio Sivera,ESP,GK,Alavés,La Liga,28,1996,23,23,2000,22.2,4,1,412,701,58.8,16490,14441,36,36,100.0,138,140,98.6,236,520,45.4,13,0,759,548,738,370,2274,1585,18,34.0,1.53,90.0,57.0,72.2,3.0,13.0,9.0,0.0,0.0,0.0,2.0,1.0,1.0,33.0,0.0,0.0,0.03,209.0,484.0,43.2,549.0,58.0,66.8,46.0,150.0,78.0,56.0,290.0,22.0,7.6,21.0,0.95,13.0
Łukasz Skorupski,POL,GK,Bologna,Serie A,33,1991,21,21,1890,21.0,1,0,642,838,76.6,17243,10971,80,80,100.0,381,387,98.4,179,366,48.9,10,2,874,668,866,578,2606,1374,36,25.0,1.19,62.0,38.0,61.3,6.0,28.6,1.0,1.0,0.0,50.0,0.0,1.0,2.0,22.0,0.0,0.0,-0.04,93.0,261.0,35.6,754.0,86.0,29.2,32.0,81.0,50.6,44.0,184.0,12.0,6.5,15.0,0.71,12.0
Yann Sommer,SUI,GK,Inter,Serie A,36,1988,26,26,2340,26.0,0,0,862,980,88.0,20255,13016,174,174,100.0,499,503,99.2,187,295,63.4,6,1,1019,805,1016,683,3002,1617,39,24.0,0.92,88.0,64.0,75.0,12.0,46.2,2.0,1.0,0.0,33.3,0.0,3.0,1.0,22.0,0.0,0.0,-0.01,78.0,169.0,46.2,878.0,101.0,17.3,26.0,96.0,17.7,26.0,271.0,11.0,4.1,9.0,0.35,13.0
David Soria,ESP,GK,Getafe,La Liga,31,1993,28,28,2520,28.0,1,0,385,752,51.2,16510,14660,24,24,100.0,110,112,98.2,251,611,41.1,14,2,819,656,804,326,2042,1423,20,23.0,0.82,84.0,60.0,79.8,8.0,28.6,6.0,1.0,0.0,14.3,0.0,2.0,0.0,27.0,0.0,4.0,0.15,215.0,567.0,37.9,516.0,50.0,69.8,47.0,231.0,89.6,60.0,357.0,17.0,4.8,22.0,0.79,13.0
Juan Soriano,ESP,GK,Leganés,La Liga,27,1997,6,6,540,6.0,1,1,98,185,53.0,3513,2922,17,17,100.0,35,35,100.0,46,133,34.6,2,0,199,173,199,90,447,281,5,7.0,1.17,25.0,19.0,72.0,1.0,16.7,0.0,0.0,0.0,0.0,0.0,1.0,1.0,8.0,0.0,2.0,0.47,36.0,120.0,30.0,131.0,20.0,56.5,43.0,54.0,85.2,62.0,130.0,7.0,5.4,0.0,0.0,8.0
Marco Sportiello,ITA,GK,Milan,Serie A,32,1992,1,1,90,1.0,0,0,39,42,92.9,953,556,8,8,100.0,21,21,100.0,10,12,83.3,1,0,43,24,42,23,119,88,1,2.0,2.0,3.0,1.0,33.3,0.0,0.0,0.0,0.0,0.0,0.0,0.0,0.0,0.0,2.0,0.0,0.0,0.03,5.0,7.0,71.4,31.0,6.0,16.1,24.0,10.0,20.0,29.0,9.0,0.0,0.0,3.0,3.0,32.0
Filip Stankovic,SRB,GK,Venezia,Serie A,22,2002,16,16,1367,15.2,1,0,372,513,72.5,9405,6649,66,66,100.0,210,217,96.8,96,229,41.9,11,2,566,486,561,341,1802,1156,15,23.0,1.51,83.0,60.0,77.1,0.0,0.0,4.0,1.0,0.0,20.0,0.0,3.0,1.0,25.0,0.0,3.0,0.21,48.0,161.0,29.8,439.0,51.0,29.4,31.0,73.0,43.8,34.0,249.0,12.0,4.8,13.0,0.86,10.0
Jason Steele,ENG,GK,Brighton,Premier League,34,1990,2,2,180,2.0,0,0,101,112,90.2,2321,1556,21,21,100.0,63,65,96.9,17,26,65.4,1,0,114,107,114,91,361,151,7,1.0,0.5,4.0,3.0,75.0,1.0,50.0,0.0,0.0,0.0,0.0,0.0,0.0,0.0,0.0,0.0,0.0,-0.26,7.0,16.0,43.8,110.0,7.0,13.6,25.0,2.0,50.0,43.0,22.0,2.0,9.1,3.0,1.5,15.0
Jakub Stolarczyk,POL,GK,Leicester City,Premier League,24,2000,6,6,540,6.0,1,0,152,224,67.9,4176,3245,47,47,100.0,46,47,97.9,58,129,45.0,5,0,241,179,236,130,592,396,7,12.0,2.0,29.0,17.0,58.6,0.0,0.0,0.0,0.0,0.0,0.0,0.0,1.0,0.0,10.0,0.0,-1.0,-0.18,48.0,115.0,41.7,191.0,23.0,49.7,33.0,33.0,60.6,44.0,113.0,6.0,5.3,6.0,1.0,12.0
Zion Suzuki,JPN,GK,Parma,Serie A,22,2002,28,28,2504,27.8,2,1,749,1099,68.2,20306,14788,135,137,98.5,400,407,98.3,210,549,38.3,22,4,1181,963,1174,717,3649,2375,32,44.0,1.63,120.0,78.0,67.5,3.0,11.1,5.0,0.0,0.0,0.0,3.0,4.0,2.0,41.0,0.0,0.0,-0.01,117.0,449.0,26.1,941.0,147.0,38.8,36.0,157.0,53.5,47.0,461.0,48.0,10.4,23.0,0.83,11.0
Mile Svilar,SRB,GK,Roma,Serie A,25,1999,29,29,2610,29.0,1,0,891,1120,79.6,22159,12501,165,165,100.0,517,519,99.6,208,434,47.9,7,2,1174,940,1167,751,3732,2119,42,30.0,1.03,114.0,85.0,77.2,11.0,37.9,4.0,0.0,0.0,0.0,0.0,4.0,1.0,33.0,0.0,4.0,0.14,85.0,298.0,28.5,987.0,125.0,23.2,29.0,132.0,52.3,43.0,341.0,21.0,6.2,26.0,0.9,14.0
Wojciech Szczęsny,POL,GK,Barcelona,La Liga,34,1990,7,7,630,7.0,0,0,200,228,87.7,4471,2829,42,42,100.0,127,128,99.2,29,55,52.7,6,0,242,187,237,150,608,271,20,4.0,0.57,14.0,10.0,71.4,4.0,57.1,0.0,0.0,0.0,0.0,0.0,0.0,0.0,4.0,0.0,0.0,0.12,14.0,38.0,36.8,201.0,36.0,13.9,25.0,26.0,38.5,36.0,74.0,5.0,6.8,22.0,3.14,19.0
Marc-André Ter Stegen,GER,GK,Barcelona,La Liga,32,1992,6,6,494,5.5,0,0,186,203,91.6,4679,3174,17,17,100.0,125,127,98.4,44,59,74.6,2,2,212,155,212,140,679,512,5,5.0,0.91,15.0,10.0,73.3,1.0,16.7,1.0,0.0,0.0,0.0,0.0,0.0,0.0,4.0,0.0,0.0,-0.08,13.0,28.0,46.4,186.0,31.0,13.4,27.0,17.0,17.6,29.0,64.0,3.0,4.7,6.0,1.09,13.0
Pietro Terracciano,ITA,GK,Fiorentina,Serie A,34,1990,3,3,270,3.0,0,0,70,89,78.7,1552,957,18,18,100.0,40,40,100.0,11,30,36.7,0,0,96,80,96,67,285,144,4,3.0,1.0,13.0,10.0,76.9,1.0,33.3,0.0,0.0,0.0,0.0,0.0,0.0,0.0,3.0,0.0,0.0,0.03,8.0,25.0,32.0,78.0,14.0,28.2,28.0,11.0,27.3,26.0,20.0,1.0,5.0,3.0,1.0,17.0
Kevin Trapp,GER,GK,Eint Frankfurt,Bundesliga,34,1990,21,21,1845,20.5,0,0,564,765,73.7,12294,8559,186,186,100.0,265,271,97.8,109,299,36.5,9,3,811,703,809,539,2424,1354,35,30.0,1.46,106.0,75.0,71.7,4.0,19.0,0.0,2.0,0.0,100.0,0.0,6.0,1.0,30.0,0.0,1.0,0.07,59.0,233.0,25.3,655.0,105.0,29.0,28.0,106.0,40.6,37.0,333.0,17.0,5.1,17.0,0.83,13.0
Mark Travers,IRL,GK,Bournemouth,Premier League,25,1999,5,5,450,5.0,0,0,100,142,70.4,3469,2692,6,6,100.0,51,53,96.2,43,83,51.8,5,0,162,144,159,85,426,188,3,5.0,1.0,25.0,20.0,80.0,1.0,20.0,0.0,0.0,0.0,0.0,1.0,1.0,0.0,9.0,0.0,4.0,0.89,33.0,73.0,45.2,103.0,29.0,41.7,36.0,39.0,76.9,55.0,63.0,1.0,1.6,5.0,1.0,12.0
Stefano Turati,ITA,GK,Monza,Serie A,23,2001,25,25,2226,24.7,1,0,642,904,71.0,18268,14099,125,126,99.2,299,303,98.7,216,471,45.9,17,1,979,863,973,593,2962,1664,23,42.0,1.7,120.0,78.0,66.7,2.0,8.0,2.0,2.0,0.0,50.0,0.0,8.0,2.0,38.0,0.0,-1.0,-0.06,156.0,383.0,40.7,790.0,100.0,39.5,34.0,113.0,62.8,46.0,374.0,18.0,4.8,22.0,0.89,13.0
Sven Ulreich,GER,GK,Bayern Munich,Bundesliga,36,1988,1,1,90,1.0,0,0,25,30,83.3,551,414,10,10,100.0,10,10,100.0,5,10,50.0,0,0,30,18,27,13,55,30,2,0.0,0.0,0.0,0.0,0.0,1.0,100.0,0.0,0.0,0.0,0.0,0.0,0.0,0.0,0.0,0.0,0.0,0.0,3.0,8.0,37.5,29.0,4.0,27.6,28.0,1.0,0.0,9.0,7.0,1.0,14.3,1.0,1.0,12.0
Jonas Urbig,GER,GK,Bayern Munich,Bundesliga,21,2003,2,2,180,2.0,0,0,71,78,91.0,1777,1286,15,15,100.0,40,42,95.2,16,21,76.2,2,1,87,51,79,60,271,176,11,4.0,2.0,8.0,4.0,50.0,0.0,0.0,0.0,0.0,0.0,0.0,0.0,1.0,0.0,2.0,0.0,-1.0,-0.7,6.0,11.0,54.5,75.0,11.0,13.3,26.0,3.0,33.3,26.0,16.0,3.0,18.8,4.0,2.0,16.0
Maarten Vandevoordt,BEL,GK,Rb Leipzig,Bundesliga,22,2002,2,1,135,1.5,0,0,37,49,75.5,861,530,11,11,100.0,20,20,100.0,6,18,33.3,2,0,52,46,52,25,94,55,3,1.0,0.67,6.0,5.0,83.3,0.0,0.0,0.0,0.0,0.0,0.0,0.0,0.0,0.0,1.0,0.0,0.0,0.03,4.0,16.0,25.0,34.0,11.0,20.6,27.0,15.0,60.0,47.0,29.0,3.0,10.3,2.0,1.33,12.0
Nikola Vasilj,BIH,GK,St. Pauli,Bundesliga,29,1995,26,26,2340,26.0,0,0,817,1107,73.8,21234,14555,165,166,99.4,423,428,98.8,222,503,44.1,18,2,1173,822,1156,722,3522,2050,42,30.0,1.15,102.0,70.0,71.6,8.0,30.8,1.0,3.0,0.0,75.0,0.0,4.0,1.0,34.0,0.0,5.0,0.2,135.0,389.0,34.7,991.0,92.0,34.1,32.0,113.0,45.1,37.0,345.0,19.0,5.5,21.0,0.81,13.0
Devis Vásquez,COL,GK,Empoli,Serie A,26,1998,23,23,2070,23.0,2,0,493,813,60.6,14666,10801,65,65,100.0,243,253,96.0,185,492,37.6,16,3,871,705,863,508,2574,1515,26,32.0,1.39,93.0,60.0,66.7,5.0,21.7,1.0,1.0,1.0,50.0,0.0,3.0,0.0,28.0,0.0,-3.0,-0.15,116.0,402.0,28.9,697.0,76.0,47.1,38.0,114.0,64.9,51.0,394.0,28.0,7.1,10.0,0.43,10.0
Bart Verbruggen,NED,GK,Brighton,Premier League,22,2002,27,27,2430,27.0,5,0,775,1009,76.8,18340,12451,224,226,99.1,363,371,97.8,185,405,45.7,19,4,1073,876,1062,709,2606,1286,48,41.0,1.52,102.0,63.0,66.7,6.0,22.2,7.0,0.0,0.0,0.0,1.0,4.0,2.0,36.0,0.0,-2.0,-0.11,93.0,293.0,31.7,938.0,95.0,26.2,29.0,68.0,69.1,49.0,326.0,23.0,7.1,39.0,1.44,13.0
Guglielmo Vicario,ITA,GK,Tottenham,Premier League,28,1996,17,17,1530,17.0,1,0,556,619,89.8,10640,6233,178,179,99.4,317,326,97.2,55,107,51.4,8,2,656,435,644,476,2198,1220,23,19.0,1.12,69.0,50.0,72.5,4.0,23.5,0.0,0.0,0.0,0.0,0.0,2.0,0.0,23.0,0.0,4.0,0.27,14.0,49.0,28.6,568.0,90.0,7.9,21.0,51.0,7.8,19.0,219.0,22.0,10.0,23.0,1.35,13.0
Fran Vieites,ESP,GK,Betis,La Liga,25,1999,4,4,360,4.0,0,0,76,119,63.9,2047,1345,15,15,100.0,37,37,100.0,24,67,35.8,1,0,126,97,124,59,248,139,7,5.0,1.25,11.0,6.0,54.5,0.0,0.0,0.0,0.0,0.0,0.0,0.0,0.0,0.0,4.0,0.0,0.0,-0.09,12.0,54.0,22.2,90.0,16.0,40.0,38.0,29.0,62.1,46.0,65.0,6.0,9.2,4.0,1.0,12.0
Iván Villar,ESP,GK,Celta Vigo,La Liga,27,1997,4,4,360,4.0,0,0,95,117,81.2,1704,1111,30,30,100.0,44,44,100.0,10,32,31.3,3,0,130,118,128,60,269,172,10,9.0,2.25,18.0,10.0,50.0,0.0,0.0,0.0,1.0,0.0,100.0,0.0,3.0,2.0,8.0,0.0,1.0,0.3,3.0,22.0,13.6,82.0,15.0,14.6,24.0,35.0,28.6,26.0,65.0,1.0,1.5,5.0,1.25,14.0
Christian Walton,ENG,GK,Ipswich Town,Premier League,29,1995,6,6,540,6.0,0,0,152,226,67.3,4170,2976,41,41,100.0,69,71,97.2,42,114,36.8,1,1,242,224,241,122,572,305,5,16.0,2.67,33.0,17.0,57.6,1.0,16.7,2.0,0.0,0.0,0.0,0.0,0.0,0.0,15.0,0.0,-1.0,-0.17,38.0,108.0,35.2,176.0,27.0,45.5,35.0,50.0,56.0,43.0,105.0,11.0,10.5,1.0,0.17,7.0
Danny Ward,WAL,GK,Leicester City,Premier League,31,1993,2,1,135,1.5,0,0,41,53,77.4,1162,949,6,6,100.0,20,20,100.0,15,27,55.6,1,0,55,40,55,44,176,107,1,6.0,4.0,10.0,4.0,40.0,0.0,0.0,0.0,0.0,0.0,0.0,0.0,0.0,0.0,2.0,0.0,-3.0,-2.11,10.0,22.0,45.5,46.0,9.0,37.0,32.0,7.0,71.4,52.0,11.0,0.0,0.0,2.0,1.33,20.0
Timon Weiner,GER,GK,Holstein Kiel,Bundesliga,25,1999,25,25,2250,25.0,4,0,682,991,68.8,19635,14240,143,143,100.0,302,306,98.7,237,536,44.2,17,3,1068,936,1064,540,2561,1144,43,61.0,2.44,140.0,81.0,59.3,2.0,8.0,4.0,0.0,0.0,0.0,2.0,5.0,2.0,47.0,0.0,-11.0,-0.47,167.0,444.0,37.6,789.0,116.0,40.2,34.0,198.0,64.1,48.0,491.0,27.0,5.5,18.0,0.72,11.0
Robin Zentner,GER,GK,Mainz 05,Bundesliga,30,1994,26,26,2340,26.0,3,0,613,973,63.0,18307,13737,124,124,100.0,268,271,98.9,219,567,38.6,28,4,1076,803,1048,622,3021,1689,43,28.0,1.08,111.0,82.0,77.5,9.0,34.6,3.0,1.0,0.0,25.0,2.0,4.0,0.0,33.0,0.0,5.0,0.21,144.0,468.0,30.8,814.0,114.0,45.5,38.0,152.0,64.5,51.0,463.0,41.0,8.9,47.0,1.81,13.0
Michael Zetterer,GER,GK,Werder Bremen,Bundesliga,29,1995,26,26,2340,26.0,2,0,802,1010,79.4,20634,13147,135,136,99.3,435,441,98.6,228,425,53.6,7,5,1073,894,1062,762,5135,2611,29,53.0,2.04,127.0,77.0,60.6,5.0,19.2,3.0,0.0,0.0,0.0,2.0,3.0,3.0,44.0,0.0,-5.0,-0.21,92.0,263.0,35.0,917.0,139.0,25.8,31.0,91.0,28.6,34.0,359.0,27.0,7.5,18.0,0.69,12.0
